date,year,daily_net,universal_net,monthly_net,hold_net,daily_double_cost,hold_double_cost,daily_ideal,hold_ideal,universal_ideal
2022-01-04,2022,0.9940854281702501,0.9942260090975001,0.9940854281702501,0.9940854281702501,0.9923731474440001,0.9923731474440001,0.995200956856386,0.995200956856386,0.9953432467511893
2022-01-05,2022,0.97047307223825,0.9701285736265002,0.9703180881702501,0.9703180881702501,0.9689222927800001,0.968643807444,0.9700551088505488,0.9700710363759782,0.9700741731481468
2022-01-06,2022,0.96793329559925,0.9672530348965003,0.9677635681702499,0.9677635681702499,0.9663218451439999,0.966154287444,0.967341369686676,0.9673047084398808,0.9672259309589254
2022-01-07,2022,0.9595521341465,0.9585389716495001,0.9596206881702504,0.9596206881702504,0.9579776031439999,0.9580014074440001,0.9586361933549101,0.9588224483710499,0.9582527940741408
2022-01-10,2022,0.9631523929323901,0.9624241303255001,0.9632632781702503,0.9632632781702503,0.9615269840675602,0.9617019974440002,0.9624569011185283,0.9626853696641341,0.962164101872322
2022-01-11,2022,0.94389206694639,0.9430090601794999,0.9440611181702501,0.9440611181702501,0.94223833412356,0.9425088374440002,0.9420978585270647,0.942538151373794,0.9418594583108068
2022-01-12,2022,0.9570128815323902,0.9560995884335,0.9571304081702501,0.9571304081702501,0.95525147946356,0.9555411274440001,0.9561289653134883,0.9563548927492521,0.9557533619778095
2022-01-13,2022,0.9355621215923902,0.9348633077535002,0.9357376681702501,0.9357376681702501,0.9341291069555598,0.9341673874440002,0.9338459260490077,0.9339921145408437,0.9335005454869654
2022-01-14,2022,0.9453242794817601,0.9452462830165004,0.9459830681702502,0.9459830681702502,0.94391474248504,0.944401787444,0.9444237955701984,0.9447035025961673,0.9442764018305441
2022-01-17,2022,0.9501557244537603,0.9500987607585001,0.9509823681702502,0.9509823681702502,0.9486931551650398,0.9494860874440001,0.9496818429836302,0.9500041422409214,0.9495381299117007
2022-01-18,2022,0.9458633878276,0.9454724700165,0.9461951181702503,0.9461951181702503,0.9443178277043998,0.9446298374440003,0.945316943979992,0.9449783303729384,0.9448645835238609
2022-01-19,2022,0.9262834498836001,0.9256316062465,0.9266778681702501,0.9266778681702501,0.9247045456884001,0.9251605874440001,0.9247700941138948,0.924724441292032,0.9242271357417755
2022-01-20,2022,0.9210074888846,0.9207615090495,0.9220661081702504,0.9220661081702504,0.9193668975523999,0.9205698274440002,0.9195936043872734,0.9198991659071292,0.9192167779121478
2022-01-21,2022,0.9061715433636002,0.9058330602925,0.9070826381702505,0.9070826381702505,0.9045179506323999,0.9056603574440002,0.9042263506677892,0.9042125977688377,0.9038206634022208
2022-01-24,2022,0.9127487476236,0.9126837504825002,0.9130697181702503,0.9130697181702503,0.9110573736723999,0.9116554374440003,0.9112662829077827,0.9105424669035255,0.9107385770944301
2022-01-25,2022,0.8875734008746001,0.8874699557495003,0.8881348681702503,0.8881348681702503,0.8858287022764,0.8867495874440003,0.8851136879684948,0.8844349330382879,0.884612012416987
2022-01-26,2022,0.9009996380945999,0.9010285274275001,0.9013174881702504,0.9013174881702504,0.8992598167163999,0.8998962074440005,0.8992713485848058,0.8982300927410021,0.8987138973601712
2022-01-27,2022,0.8742907889086,0.8743164699775002,0.8745939981702504,0.8745939981702504,0.8726944829723997,0.8731947174440003,0.8713351946541728,0.8703009064288494,0.8708722429934278
2022-01-28,2022,0.8635545376686,0.8639220996175002,0.8643286881702504,0.8643286881702504,0.8620140943124,0.8629644074440004,0.8601945250495348,0.859350530456379,0.8599524152805946
2022-02-07,2022,0.8808396270396,0.8812885411365002,0.8811227181702505,0.8811227181702505,0.8791999821923998,0.8797174374440004,0.8782851275874801,0.8770457528862987,0.8778981585006307
2022-02-08,2022,0.8803461062496,0.8807281495025002,0.8803166781702505,0.8803166781702505,0.8786440435164,0.8788643974440002,0.8773920604004735,0.8758074129990165,0.8768334047857158
2022-02-09,2022,0.89154943417226,0.8920277608311601,0.8914697875292503,0.8917083681702502,0.8897696992470397,0.8902590874440005,0.8891414902505487,0.8876293952559852,0.888691717777718
2022-02-10,2022,0.88942449290226,0.89007232813666,0.8895025375292505,0.8903671781702505,0.88761381670704,0.8889098974440003,0.8870515279590281,0.8860116224384242,0.8868568465646494
2022-02-11,2022,0.8676758787312598,0.86825820753666,0.8679922075292504,0.8694178381702505,0.86584490839044,0.8679585574440004,0.8649768854505273,0.8639501505142771,0.8646321043446388
2022-02-14,2022,0.8550298538633798,0.8555014531526602,0.8555047775292506,0.8565233181702506,0.85326174876244,0.8551560374440003,0.8522663176213328,0.8509068790938557,0.8516013273650886
2022-02-15,2022,0.8738404367163801,0.8742085628886601,0.8741260875292504,0.8745015881702507,0.8718605872904398,0.8731333074440004,0.8715984406981636,0.8699814977515734,0.8707300774959309
2022-02-16,2022,0.8778756954153799,0.8783894464236601,0.8781625975292506,0.8785448681702507,0.8758231060584398,0.8771235874440004,0.8757084989333264,0.8739398769694932,0.8747794202071706
2022-02-17,2022,0.88711611982938,0.8876384722066601,0.8874120075292506,0.8878245081702506,0.8848875215304399,0.8864032274440005,0.8853609390436088,0.8837040765541321,0.8845368947362665
2022-02-18,2022,0.88585930501738,0.8863899512486603,0.8861044575292507,0.8868236981702505,0.8836522900024398,0.8853824174440005,0.8840715844691923,0.8824791119059278,0.8832759139446014
2022-02-21,2022,0.88552776077038,0.8861694070016602,0.8856100475292505,0.8861380081702507,0.8833065296944398,0.8847067274440004,0.8837044869136607,0.8817067099731546,0.8829174582104529
2022-02-22,2022,0.88294994467938,0.8836842339306601,0.8831710675292506,0.8837556781702507,0.8807462732304397,0.8823783974440005,0.8812764203805109,0.8793574796012438,0.880550486218679
2022-02-23,2022,0.90229421818138,0.9025987177434102,0.9023830575292505,0.9024706681702506,0.8996952964654398,0.9010673874440004,0.9012443801481492,0.8990176290510542,0.9002470605304307
2022-02-24,2022,0.88906571178313,0.88955905624141,0.8893781975292505,0.8894377981702506,0.8865562479614398,0.8880695174440006,0.8876954783629551,0.8856528352918817,0.8868304998353581
2022-02-25,2022,0.89901956025213,0.8994528187524102,0.8995038575292507,0.8992778281702506,0.8964325018854398,0.8979005474440006,0.898132800204781,0.8959443539432321,0.8972190024402495
2022-02-28,2022,0.9037980267521301,0.9042872015624102,0.9045391075292505,0.9038963481702508,0.90121327922544,0.9023920674440007,0.903178612131328,0.9009526506416489,0.9023324593346871
2022-03-01,2022,0.9073707055001299,0.9078325787694099,0.9082351275292506,0.9076230581702507,0.9047047761974397,0.9060897774440004,0.9070747934443881,0.9049308422065538,0.9063020668475051
2022-03-02,2022,0.9027646103301299,0.9031914559394101,0.9037333875292506,0.9031515581702507,0.90006539105744,0.9016192774440006,0.902270809004403,0.9001731118411062,0.9015707015823041
2022-03-03,2022,0.89559441314613,0.8960658953664101,0.8964449975292507,0.8962018481702507,0.8929936872894398,0.8946025674440007,0.894572420378396,0.8925842174094758,0.8938955357495395
2022-03-04,2022,0.8873998797436299,0.88809393848141,0.8881466375292506,0.8883928181702506,0.8847469995694398,0.8868165374440006,0.8859133710191767,0.8842597014217141,0.8855441951436539
2022-03-07,2022,0.86110842881663,0.8621663011971199,0.8622534475292506,0.8627136881702508,0.8585170058974398,0.8611984074440006,0.8586958629300885,0.8576008307072011,0.8585838284627398
2022-03-08,2022,0.8319829189166299,0.8330743434861201,0.8332360775292507,0.8338603581702507,0.8295118580094398,0.8324250774440006,0.8289837475105923,0.8279758934176684,0.828711968260768
2022-03-09,2022,0.82015923644363,0.82111370360712,0.8215746775292507,0.8224061081702508,0.8176109968534397,0.8210088274440007,0.8168460366465361,0.8161881742020197,0.8166721557523416
2022-03-10,2022,0.83627946707963,0.8373846851571202,0.8378155178547507,0.8382383981702507,0.8337511807974398,0.8368461174440007,0.8341985746746324,0.8328402520683749,0.8338248044526001
2022-03-11,2022,0.8482985722246299,0.8494449056971201,0.8495999478547505,0.8504237381702507,0.8457309897645597,0.8489774574440008,0.8465843890520839,0.8451990730418906,0.8463046491710513
2022-03-14,2022,0.83217285691124,0.8337456027971202,0.8341235278547506,0.8349653981702507,0.8295488790605597,0.8335961174440009,0.8301097451307753,0.8292422918202724,0.830048284453769
2022-03-15,2022,0.7958110109762399,0.79790140308057,0.7977346378547506,0.7989858181702508,0.7933250042245599,0.7977385374440009,0.7928897733241168,0.7920823874615022,0.792764527091414
2022-03-16,2022,0.8240396282022399,0.82543577116557,0.8258840778547505,0.8267234581702508,0.8213786959485597,0.8253651774440007,0.8220350443723842,0.8209548064841767,0.8217514325726937
2022-03-17,2022,0.8394487315552398,0.84073090291757,0.8413717978547508,0.842229308170251,0.8367274841245598,0.8408820274440009,0.8378632462314817,0.8368385802937632,0.8376121335466769
2022-03-18,2022,0.8475208170682398,0.8486599743105699,0.8492047878547506,0.850202868170251,0.84474175857656,0.8488065874440007,0.8461010190514084,0.8449498406276295,0.8458043940510747
2022-03-21,2022,0.8590632067672397,0.8603384279855701,0.8611857178547508,0.8620757481702508,0.8562782478285598,0.8606964674440007,0.8580628940529419,0.8573053106205,0.8580747993486091
2022-03-22,2022,0.8538417057041199,0.8547176133525701,0.8554614578547508,0.856163448170251,0.8510472143960797,0.8547731674440009,0.8525852197113893,0.8510273652857439,0.8522628423424463
2022-03-23,2022,0.8512237954061199,0.8515253323395701,0.8516768478547506,0.851878698170251,0.8484305496360797,0.850497417444001,0.8494194678497508,0.8467073274907533,0.8486982455928864
2022-03-24,2022,0.8445190711639198,0.8447674191995699,0.8451446378547507,0.8454632981702511,0.8417123816192797,0.8440730174440008,0.8423126953178469,0.8398161088490846,0.841728758348031
2022-03-25,2022,0.8280420753939198,0.82861576796957,0.8287513478547506,0.8292952781702511,0.8254162871992797,0.827965997444001,0.8252947349134189,0.8229249515588013,0.8248704594351066
2022-03-28,2022,0.8264650783449199,0.82714866099766,0.8271990778547507,0.8279807181702509,0.8237894989872796,0.8266554374440009,0.8236208031563652,0.8215301729292387,0.8233227036091648
2022-03-29,2022,0.8247221445099198,0.82561170127766,0.8263653478547507,0.827040568170251,0.8219955904232797,0.825678287444001,0.821841174267209,0.8204332169510291,0.8220606102122006
2022-03-30,2022,0.8437495148419198,0.8442005152359799,0.8455634178547508,0.8454656681702509,0.8407085486592798,0.8441043874440008,0.8417436243834455,0.8397123349794533,0.8416201945493977
2022-03-31,2022,0.82211699338392,0.82255075928398,0.8236606678547507,0.823802968170251,0.8191064510192797,0.8225006874440008,0.8189250124703902,0.8170400205913865,0.8188884906025029
2022-04-01,2022,0.8299419466209198,0.83042307600528,0.8319235778547507,0.8318285181702512,0.8268019789832797,0.8303712374440009,0.8269282037425256,0.8251732715854814,0.8269758005921274
2022-04-06,2022,0.8146224086261998,0.8153417416352801,0.8166184978547507,0.8164499681702513,0.8114841580352795,0.815088687444001,0.8109935768620412,0.8089249883303312,0.810895099426169
2022-04-07,2022,0.7979426211641998,0.79845870372828,0.7996463978547507,0.7993769181702512,0.7946929434722796,0.7980696374440011,0.7938094769502603,0.791429324381866,0.7935271820946108
2022-04-08,2022,0.79463924036945,0.79456297350828,0.7959325378547508,0.7958740081702511,0.7914177202922797,0.794563727444001,0.7902617879542417,0.7876209474269411,0.7895661747380692
2022-04-11,2022,0.7629859639158598,0.7629938327672801,0.7641600078547508,0.7652756681702512,0.7598876617179195,0.764023387444001,0.7574108856387628,0.7556648384516593,0.7571856446701144
2022-04-12,2022,0.7727816330338598,0.77257583276728,0.7737527600855006,0.7746142881702511,0.7695661441899195,0.7733180074440011,0.7676591045126654,0.7653709889238929,0.7671443876907478
2022-04-13,2022,0.7580788861681499,0.75782783276728,0.7595042600855008,0.7594550181702511,0.7550062636179196,0.7581697374440011,0.752564591659926,0.7496701173434729,0.7518784402025893
2022-04-14,2022,0.7712450424031498,0.7710968327672799,0.7724830300855008,0.7727557881702511,0.7680479425579197,0.7714565074440011,0.7660352337641252,0.763367023201639,0.7654650367950455
2022-04-15,2022,0.7644544879341499,0.76440757289828,0.7658321100855008,0.7659618681702511,0.7613369554819196,0.7646985874440011,0.7592483603672799,0.7563622565068878,0.7586386844024235
2022-04-18,2022,0.7748733409761498,0.7753529428102799,0.7765491300855007,0.7770638881702512,0.7716605646379195,0.775822607444001,0.7705548026412986,0.768066521873483,0.7701728580095761
2022-04-19,2022,0.7752726708611498,0.77598433965528,0.7768490400855008,0.7777297981702513,0.7720571905779195,0.7764755174440011,0.7709459422646743,0.7686229841731106,0.7708263211903692
2022-04-20,2022,0.7614440073111498,0.76195392250925,0.7630146700855007,0.7640194281702513,0.7581924947659197,0.7627631474440011,0.7565387081432242,0.7542692689981325,0.7563383728663359
2022-04-21,2022,0.7330849060311498,0.73342731838125,0.7347277200855007,0.7358864781702514,0.7298530043659196,0.7346701974440012,0.7270372883754387,0.7249924416687927,0.7267429589901819
2022-04-22,2022,0.7232633240122806,0.7234146518123807,0.7249714082068315,0.7259211662915821,0.7199708850864501,0.7246918855653318,0.7168480288770762,0.7146041927856954,0.7163492119637255
2022-04-25,2022,0.6725171266122805,0.6729733983423806,0.6749133982068315,0.677546156291582,0.6693731898064504,0.6764368755653318,0.6649213185550387,0.664229646120175,0.6650539733255321
2022-04-26,2022,0.6594421193552804,0.6603156984523806,0.6621649182068315,0.6662916762915821,0.6563517170544504,0.6651833955653319,0.6520234243536945,0.6526766465759984,0.6526000521152314
2022-04-27,2022,0.6968155066552806,0.6977627887623806,0.6987347382068314,0.701817496291582,0.6936041973744501,0.700672215565332,0.690659125664819,0.6899085700677615,0.6907121836269317
2022-04-28,2022,0.7026859928232805,0.7034205851023807,0.7044381382068314,0.7071758962915821,0.6994540402464503,0.7060176155653319,0.6965720670399217,0.6957854468034331,0.696478268631149
2022-04-29,2022,0.7323879876252806,0.7331371886013808,0.7338618882068315,0.735480646291582,0.7290234459544503,0.734285365565332,0.727264472110373,0.7253966588551848,0.7267754686134926
2022-05-05,2022,0.7503868336632805,0.7508514189883806,0.7512770782068314,0.7526718362915821,0.7467716373126503,0.7514185555653319,0.7454253191927184,0.7430186727549831,0.7448045540468629
2022-05-06,2022,0.7352055069022805,0.7358283904743808,0.7364682782068315,0.7381410362915821,0.7317888555886503,0.7369347555653321,0.7298780225827326,0.7279305637437095,0.7293860765939981
2022-05-09,2022,0.7420841284007187,0.7425995003141698,0.7426127837911708,0.7439677212451126,0.7386580875437685,0.7427694405188625,0.7371695369230421,0.7341049114178777,0.7364393244151883
2022-05-10,2022,0.7495042233027187,0.7495275485361699,0.7501072337911706,0.7503929312451125,0.7459422485237684,0.7492156505188624,0.7447613355373311,0.740773784297524,0.7436833418080537
2022-05-11,2022,0.7644111603347186,0.7646526509561697,0.7651981537911707,0.7653321512451127,0.7606957796277685,0.7641648705188624,0.7606489322120427,0.7564227659606098,0.7594301330259029
2022-05-12,2022,0.7602905275847188,0.7605226592991698,0.7611816637911707,0.7612037412451127,0.7565851952397684,0.7600384605188625,0.7563655863030431,0.75202872797557,0.7551416096637364
2022-05-13,2022,0.7654471679598187,0.7655026023991698,0.7663879137911707,0.7658146512451125,0.7615677376357685,0.7646203705188626,0.7615423815132328,0.7567385302535412,0.7601162270108726
2022-05-16,2022,0.7625974220558186,0.7625080708321699,0.7632589217890208,0.7628859112451126,0.7587338969237685,0.7617136305188625,0.7585388493783125,0.7535256870216214,0.7571383382284863
2022-05-17,2022,0.7766876286138188,0.7763395447411698,0.7776199217890207,0.7760669212451126,0.7728347201757685,0.7748886405188624,0.7732044142322783,0.7674509788812277,0.7714241393240535
2022-05-18,2022,0.7744230044908187,0.7741259003521697,0.7753309217890209,0.7739076212451126,0.7704309825637685,0.7727373405188624,0.7709119144599763,0.7652525747771701,0.7691791964318727
2022-05-19,2022,0.7885492918508187,0.7881928357021698,0.7895679217890207,0.7873319112451126,0.7842048014757685,0.7861806305188626,0.7854669784413322,0.779468331251003,0.7836148969567907
2022-05-20,2022,0.8028781484366286,0.8021513742311697,0.8037319217890208,0.8009000912451126,0.7983190041550086,0.7996908105188625,0.8002175378986374,0.7936391105696246,0.7981183466659407
2022-05-23,2022,0.8108414836485587,0.8103821257841698,0.8114379217890206,0.8090559712451126,0.8062171891190084,0.8077896905188625,0.8083578234582379,0.8019062619047137,0.8064327515156379
2022-05-24,2022,0.7923018467525587,0.7921625376391698,0.7932269217890208,0.7911880512451126,0.7878814532270085,0.7899407705188626,0.7894083419882125,0.7831044027709984,0.78746448295162
2022-05-25,2022,0.7963836278665588,0.7961026643011697,0.7973289217890207,0.7950722712451126,0.7918074741590084,0.7938009905188625,0.7936753783273295,0.7871409832838101,0.7916654387884507
2022-05-26,2022,0.797415831533654,0.796680782422345,0.7982043349318777,0.79526838438797,0.7927626649451038,0.7940041036617198,0.7947358797804025,0.7876575499470544,0.7923932686341156
2022-05-27,2022,0.7951678189176541,0.7942923104223449,0.7961343349318779,0.7925790443879699,0.7905033414931038,0.7912787636617196,0.7924614897452023,0.7848746190880732,0.7899315429519842
2022-05-30,2022,0.8003236060364811,0.7995220416469162,0.8011580010090362,0.7978512305092146,0.7956208109017868,0.7965659497829645,0.7979242880068401,0.7903719310384714,0.79549088455424
2022-05-31,2022,0.8161765179164812,0.8153545812729164,0.8174533010090361,0.8133129105092147,0.8110537812417867,0.8120256297829644,0.8144899610889645,0.8067407194246957,0.8120259957071365
2022-06-01,2022,0.8157026976424809,0.8149568696569162,0.817374711009036,0.8125336405092147,0.8106427140977868,0.8112423597829646,0.8141225355623399,0.8059732493062759,0.8115052484210225
2022-06-02,2022,0.8326466309061455,0.8316327046481706,0.8346571563509956,0.8286162666804693,0.8276090956226814,0.827334985954219,0.8318170359917396,0.8229283493707694,0.8288513872744259
2022-06-06,2022,0.8555173656198989,0.8544118866669239,0.8581052407753088,0.8506273911047824,0.8504534634447545,0.8493311103785322,0.8556812407989522,0.8462144096158799,0.8524628333793867
2022-06-07,2022,0.8520558759198987,0.851049485500924,0.8542042407753087,0.8474721211047825,0.8469858242847543,0.8461268403785324,0.8521843774056679,0.8430583022197338,0.8490503233398783
2022-06-08,2022,0.8535164038995887,0.8524174960709239,0.8560254007753088,0.8486670011047822,0.8484459658395146,0.8473427203785324,0.853727568544512,0.8442451475145013,0.8504318197026368
2022-06-09,2022,0.843557270794942,0.8426843288051293,0.846032179355881,0.8392399748482589,0.8384429347690178,0.8379996941220087,0.8434581199338833,0.8345095232479623,0.8405958716301309
2022-06-10,2022,0.8600877291480898,0.8593799503545083,0.863195571884029,0.855556107376407,0.8548911049259257,0.854324826650157,0.8607628154273671,0.8516596803943578,0.8578347821637518
2022-06-13,2022,0.86911914245274,0.8681961419131582,0.8726919018840291,0.8645823573764069,0.8638409021819257,0.8633670766501569,0.8702340779853539,0.8609411091535545,0.8670994503482554
2022-06-14,2022,0.87569302319774,0.8743707244951583,0.8799021618840289,0.8709467573764069,0.8701676608499257,0.8697314766501568,0.8769200200118806,0.8672356779481396,0.8734840480032577
2022-06-15,2022,0.8758735664957401,0.8742992066511585,0.879798130741729,0.8707014373764069,0.8703018048379256,0.869414156650157,0.8770224075478185,0.8667867811036232,0.8733892718094852
2022-06-16,2022,0.8787592896062908,0.8773879517886558,0.8827776422168465,0.8738911577228837,0.8731528188463166,0.8726448769966335,0.8801528290085086,0.8703499137994857,0.876775144068594
2022-06-17,2022,0.8839528137355991,0.8824593249179639,0.8879394837785146,0.8789313292845516,0.8781550932385447,0.8776800485583017,0.8855130284996593,0.8756811014222888,0.8820817163797555
2022-06-20,2022,0.8925574259315988,0.8907694669479641,0.8963590437785148,0.8872749092845519,0.8865948504425447,0.8860236285583017,0.8943206598629561,0.8842384636308722,0.8907512939898945
2022-06-21,2022,0.8823545953317613,0.8805733444084656,0.885875420533677,0.8778824156857319,0.876401289829707,0.8766538081748209,0.8835935538690286,0.8744947520408278,0.8802052620411238
2022-06-22,2022,0.871106482375761,0.8695958388814654,0.8749000805336771,0.8674842656857319,0.8654640100897069,0.8662738481748209,0.8722621523148654,0.863860441697059,0.8692648786840023
2022-06-23,2022,0.890707997692458,0.8890400040251724,0.894293581350374,0.8863681000868207,0.8851633115864038,0.8851587525759099,0.8924516120760437,0.8836047440207064,0.8892622178494387
2022-06-24,2022,0.902157972164758,0.9008480380944723,0.9060854613503739,0.8980246700868209,0.8965387285356039,0.8968217425759099,0.9043496853087387,0.8960732523370396,0.901333181734745
2022-06-27,2022,0.9181852428509348,0.9167413278306016,0.9223333546339557,0.9141201095893084,0.9124269659462805,0.9129000620783974,0.9209519174018148,0.9127358203840112,0.9178295023484454
2022-06-28,2022,0.9429220518509347,0.9415121314876016,0.9474069146339558,0.9388322595893083,0.9366277805902804,0.9375704820783974,0.9466640755488015,0.9383471796415973,0.9433901325108364
2022-06-29,2022,0.9114051481579347,0.9099568417866017,0.9152592846339559,0.9067507795893082,0.9057465228382805,0.9055243120783973,0.9139437739682454,0.9046526662194345,0.9104745809740289
2022-06-30,2022,0.9291679593509347,0.9270633845706018,0.9319999646339561,0.9225245395893081,0.9232711998022805,0.9212970020783974,0.932186600413542,0.9214023811257732,0.9282134956329191
2022-07-01,2022,0.9298777844459346,0.9277163764996015,0.932908204633956,0.9239139695893084,0.9238351973422804,0.9226885720783974,0.9326961183427727,0.9226578321234153,0.9288126361171484
2022-07-04,2022,0.9547103506669347,0.9526856266816017,0.9576178046339558,0.9485136195893084,0.9482053569582802,0.9472828720783975,0.9585922698450083,0.9484439088957931,0.9549375693710942
2022-07-05,2022,0.9466101941729346,0.9450627622376017,0.9500939846339559,0.9412812195893083,0.9402081834622805,0.9400194420783976,0.9507237111654228,0.9409357268842523,0.9471957766546282
2022-07-06,2022,0.9364897667119347,0.9347986952376015,0.940009184633956,0.9313090995893083,0.9301891549622805,0.9300794220783972,0.9400558886367658,0.9303793156564272,0.9365938702690482
2022-07-07,2022,0.9567086704759349,0.9548511394836016,0.9606653746339562,0.9514698295893081,0.9503456221422801,0.9501545520783976,0.961177707575262,0.9516069073060975,0.9577107769227589
2022-07-08,2022,0.9481983583379145,0.9465579719936017,0.9521678546339558,0.9427279095893084,0.9416718320302003,0.9413997920783975,0.9526182645788273,0.9425480007565097,0.9489913122745796
2022-07-11,2022,0.9267605603919046,0.9253214356316016,0.931062274633956,0.9225772795893084,0.9202772544061603,0.9212630720783974,0.9301897802117753,0.9214997797229014,0.9271399384072989
2022-07-12,2022,0.9055953663769045,0.9036927184416015,0.9090165246339559,0.9010156995893084,0.8993846743261604,0.8997228920783975,0.9081184353397822,0.8990950808633104,0.9048695040014536
2022-07-13,2022,0.9088326215972508,0.9068580508879476,0.912254377018742,0.9044408304349505,0.9025227935854012,0.9031533729240395,0.9115680050129227,0.9027222797832171,0.908264429832621
2022-07-14,2022,0.9172331250689046,0.9155595387303588,0.9211985540211532,0.9132335859255558,0.9109397982316955,0.9119643184146449,0.9206914848525113,0.9119728674057956,0.9174764914778331
2022-07-15,2022,0.9112289781669045,0.9095594708803588,0.9148669140211533,0.9075056459255558,0.9049354557156952,0.9062460084146448,0.914260271210393,0.9060242651402813,0.9112585361282916
2022-07-18,2022,0.9198338274869047,0.9179448090603586,0.9233289240211533,0.9155619859255557,0.9132831573956952,0.914263828414645,0.9231736790852223,0.9141297166312414,0.9198136370249912
2022-07-19,2022,0.9201179271623948,0.9179832838864087,0.9232727540211532,0.9148663059255557,0.9134455482956954,0.913571358414645,0.9232298456823888,0.913028849893027,0.919577719780689
2022-07-20,2022,0.9210199684403946,0.9186738215534085,0.9241502840211533,0.915371225925556,0.9142575281436954,0.914079488414645,0.9237160322706093,0.9136056067193306,0.9201671896482919
2022-07-21,2022,0.9094246385543947,0.9070104412584087,0.9124009840211533,0.9040142059255558,0.9026867453716955,0.9027641984146448,0.9114846969587159,0.9017167660068297,0.908051216983119
2022-07-22,2022,0.9026633432243948,0.9005353523224086,0.9057335040211532,0.898152335925556,0.8959136094396951,0.896883068414645,0.9045878284974791,0.8958529333183934,0.9014360838377999
2022-07-25,2022,0.8937307980743947,0.8918548489824089,0.8972237940211534,0.8895118859255557,0.8870961364596953,0.888286488414645,0.8956885936693842,0.886614695900995,0.8925135966718305
2022-07-26,2022,0.9005389905843947,0.8982401232094089,0.903680254021153,0.8954168759255557,0.8937629119476952,0.894190408414645,0.902632805962819,0.8927700103694594,0.8991673278915734
2022-07-27,2022,0.8995672566403947,0.8974611138804086,0.9026231940211533,0.8948520859255558,0.8927970496476952,0.8936363184146451,0.9017134830132655,0.8923874918148889,0.8984771120539528
2022-07-28,2022,0.9069550155303945,0.9044491159234088,0.9093955240211532,0.9005960059255559,0.9001299597516951,0.899386658414645,0.9091674746702922,0.8983624449296059,0.9053851762004916
2022-07-29,2022,0.8984059276228147,0.8960232738904088,0.9004608040211532,0.8926242159255559,0.8915581190213754,0.8914159384146452,0.9002013973087284,0.889974534829396,0.8966797857980527
2022-08-01,2022,0.9069094440248145,0.9045722492974086,0.9093701240211531,0.9017441659255561,0.9000354347773755,0.9005540784146451,0.9091418173795109,0.8994340724642103,0.9056497648688685
2022-08-02,2022,0.8757426763438148,0.8742716158554089,0.8781645340211532,0.8721835359255561,0.8688749201853753,0.8710683484146451,0.8769068419155456,0.8686412690173905,0.8739616884849541
2022-08-03,2022,0.8691678133758145,0.8672303836024087,0.8709559240211533,0.8639229859255559,0.8625069405293754,0.862806728414645,0.8698870568493291,0.859994557148575,0.8665118868126009
2022-08-04,2022,0.8758708593838147,0.8736051588134088,0.8776872940211533,0.8702618959255559,0.8690499294455754,0.8691338684146451,0.8769568642197931,0.8664028496649842,0.8733299021146028
2022-08-05,2022,0.8935611376168145,0.8906672144294088,0.8954417840211534,0.886273845925556,0.8867368567095752,0.885119068414645,0.8951454791103964,0.8828489313930268,0.8909317220024022
2022-08-08,2022,0.9015556756446245,0.8984070380714085,0.9034180240211533,0.8937955159255558,0.8946803839495752,0.8926107784146453,0.9032508081145201,0.890694278287015,0.8989574261498315
2022-08-09,2022,0.9040307939616244,0.9010206628514087,0.9063884140211531,0.895617925925556,0.8971266827495752,0.8944299784146452,0.9058813354481486,0.8928542885672968,0.9014914924491688
2022-08-10,2022,0.8902043084906245,0.8872579457474087,0.8921472640211533,0.8820765559255559,0.8834163132495754,0.880901448414645,0.8915832935766478,0.8788693965524699,0.8873052000873848
2022-08-11,2022,0.9068952974996247,0.9030775590364086,0.9085415540211532,0.8971238559255559,0.8999797197895752,0.895929488414645,0.9087930877069381,0.8945852441527411,0.9039147085127317
2022-08-12,2022,0.8999829245496247,0.8960273770464088,0.9015163380121534,0.8902489359255558,0.8930713752895751,0.8890353084146451,0.901567753690405,0.887287413677333,0.8966621508169894
2022-08-15,2022,0.9067235928906244,0.9027177300454087,0.9082458280121534,0.8962688559255559,0.8997482736895751,0.895081978414645,0.9087468312418459,0.8939183082058026,0.9037090731041545
2022-08-16,2022,0.9036972147496247,0.9000905510234087,0.9053445780121532,0.8940426959255559,0.8967020393095753,0.8928600984146451,0.905713708837703,0.8916006604374784,0.9009490750575594
2022-08-17,2022,0.9102306473696247,0.9065902181064086,0.9119173380121535,0.9005691959255561,0.903222407233575,0.8993855284146453,0.9124340331782846,0.8985751135325646,0.9076839478285441
2022-08-18,2022,0.9111893608376246,0.9075755064524088,0.9130719680121533,0.901434345925556,0.9041695500255754,0.900266728414645,0.9135462034335242,0.899673645491311,0.908778510443787
2022-08-19,2022,0.8940717563921246,0.8912542948664086,0.8965511780121533,0.885507385925556,0.8870580890435752,0.884314088414645,0.8960288388665363,0.8829406114056834,0.8915508648678037
2022-08-22,2022,0.9051370812965945,0.9020737795784088,0.9075109580121534,0.8959732059255561,0.8980463499334551,0.8947659984146451,0.9074507975082093,0.8936475941651993,0.9027219114522727
2022-08-23,2022,0.9036604726655947,0.9005881723534088,0.9062130880121535,0.8943880259255561,0.8964765037974551,0.8931797484146452,0.905811989090564,0.8919469738912646,0.901204527552624
2022-08-24,2022,0.8765896355885946,0.8737147875294087,0.8792457080121535,0.867619305925556,0.8694838911694551,0.8664227984146452,0.8774384095770463,0.8638882199606727,0.8731320438367087
2022-08-25,2022,0.8785215791935947,0.8755855900134086,0.8811526580121536,0.8691440059255561,0.8714153062854552,0.8678982784146452,0.8793085633872435,0.8653940050628325,0.8749723243802079
2022-08-26,2022,0.8795665404345947,0.8769339513644085,0.8822867080121535,0.870173215925556,0.8724692079574552,0.8689585184146452,0.8804183788854413,0.8664699362687152,0.8762752771731417
2022-08-29,2022,0.8774689943025946,0.8748239718274087,0.8802513580121533,0.868283115925556,0.8703147049014552,0.8670876784146451,0.8780877729898121,0.8646133794992963,0.8741296114716299
2022-08-30,2022,0.8726897853025946,0.8700329151974087,0.8753495780121533,0.8637857659255561,0.8655125669014552,0.8625036584146452,0.8730701666206198,0.859648583885838,0.8691126035388701
2022-08-31,2022,0.8521195769005946,0.8491926964174088,0.8545872580121534,0.8432955359255562,0.8450212807454553,0.8420358984146453,0.8518281452408368,0.8381418819828926,0.8477187336818165
2022-09-01,2022,0.8458776524385948,0.8432265729874086,0.8483573180121535,0.837881325925556,0.8388023045974553,0.8366751884146453,0.8454917462601831,0.8325596243585979,0.8416049643223251
2022-09-02,2022,0.8474887354005947,0.8446268523684088,0.8498599280121535,0.8390666659255561,0.8403563258654554,0.8379001184146452,0.8470908819344081,0.8337583392904626,0.8431323889959319
2022-09-05,2022,0.8433847059765947,0.8406272963214088,0.8461926880121535,0.8347537859255562,0.8362104444814553,0.8335968684146451,0.8426723315032586,0.8293266145852998,0.8387569685397628
2022-09-06,2022,0.8570764862975946,0.8547957975354086,0.8602362680121536,0.8487051059255559,0.8498074557654552,0.847532138414645,0.8573147096854756,0.8442213705287562,0.8534313441292498
2022-09-07,2022,0.8561453148645949,0.8537624167004088,0.8591744480121536,0.8473020559255561,0.8488515421454552,0.8461237384146452,0.8564194972325083,0.8427573786337266,0.8523831037963852
2022-09-08,2022,0.8470435198645949,0.8446423425204086,0.8502066380121536,0.8383424559255562,0.8399185121854554,0.8371833984146454,0.847022947214526,0.8335832870792828,0.8429404196435207
2022-09-09,2022,0.8499621503865946,0.8473132853104086,0.8527115780121536,0.8408592259255562,0.8428020548294552,0.8396969584146452,0.8500893294512275,0.8360710196770018,0.8457810064682578
2022-09-13,2022,0.8554424773865948,0.8527351608004088,0.8581546338016436,0.846295145925556,0.8482560916694553,0.8451360884146453,0.8557235581236536,0.8418368806711474,0.8515024300927022
2022-09-14,2022,0.8419256067255947,0.8393667869204087,0.8446046338016435,0.8334145059255562,0.8349431517494551,0.8322704284146454,0.8417507762008555,0.8284014937080592,0.8376732809973696
2022-09-15,2022,0.8176456067255946,0.8148496522414087,0.8200936338016437,0.809360535925556,0.8108644263854552,0.8082367884146452,0.8163427365652763,0.802985699652281,0.8122116947875234
2022-09-16,2022,0.7980664967405947,0.7953277375114085,0.8003756338016436,0.7905938559255561,0.7914814195294554,0.7895096984146452,0.7960605623654009,0.7834544197661129,0.792262478613895
2022-09-19,2022,0.7951197968095947,0.7929125665304086,0.7975516338016435,0.7886250459255562,0.7885344588814551,0.7875868984146451,0.7931944500732963,0.7814183890141089,0.7897753234855482
2022-09-20,2022,0.8014113566545948,0.7988730219694087,0.8037296338016435,0.7941310759255561,0.7947682799414553,0.7930832984146453,0.7997765626239468,0.7872399016700532,0.7961211509409928
2022-09-21,2022,0.8030539130975946,0.8000847872494088,0.8051576338016437,0.7947519459255561,0.7963984884334552,0.7936838384146452,0.8012734655313511,0.7877689262096127,0.7972831524100903
2022-09-22,2022,0.7964292915125947,0.7934578888194087,0.7986686338016437,0.7880466159255561,0.7897897226174553,0.7869934884146452,0.7943859091806263,0.7808716457345802,0.7904989946588071
2022-09-23,2022,0.7841195843665947,0.7812626148494086,0.7864436338016436,0.7761311159255562,0.7775200726054553,0.7751100884146453,0.7817982195491009,0.7686141118730093,0.7779863391885435
2022-09-26,2022,0.7729631171895947,0.7697376908454086,0.7750706338016436,0.7649115859255561,0.7663885851934553,0.7639665284146452,0.7702356850117729,0.7571278083543398,0.7663672526349468
2022-09-27,2022,0.7834428066915946,0.7801986500054087,0.7853956338016437,0.7754298759255562,0.7765862218940953,0.7744762584146452,0.7809231566678506,0.7680971984664935,0.7772112789189461
2022-09-28,2022,0.7566333671690246,0.7535474434394087,0.7584076338016438,0.7495736459255563,0.7499502978220954,0.7486510584146453,0.7531132478024722,0.7410289469843482,0.7496401716266101
2022-09-29,2022,0.7601355084490247,0.7572173959794086,0.7618556338016437,0.7532784959255561,0.7534282978220955,0.7523526984146454,0.7568211612610283,0.7449943442221397,0.7534720868026805
2022-09-30,2022,0.7471237154040248,0.7442297111734086,0.7487236338016439,0.7406355159255561,0.7405057324220954,0.7397161384146453,0.7433548789756754,0.7315908700115809,0.740008226818951
2022-10-10,2022,0.7314695492225247,0.7294591444654086,0.7336706338016435,0.7270851259255562,0.7250265354814553,0.7261785884146452,0.727509579759839,0.7173987819537869,0.7247995415377622
2022-10-11,2022,0.7402106147192946,0.7380428161904085,0.7425706338016436,0.7353962259255563,0.7334806432534553,0.7344458184146453,0.7365335637914284,0.7260036732308393,0.7337293094872246
2022-10-12,2022,0.7606912464052948,0.7582520281314087,0.7630916338016437,0.7552968759255562,0.7536985038614554,0.7543443284146454,0.7577824252302027,0.7468736372245194,0.7547398362154661
2022-10-13,2022,0.7661241137942947,0.7637103783364086,0.7687176338016437,0.7601021159255562,0.7587345899334554,0.7591645484146453,0.7632281996784104,0.75174937588054,0.7602488940255572
2022-10-14,2022,0.7881848269102946,0.7855462689634086,0.7904016338016436,0.7814343759255562,0.7802977714414554,0.7804754084146454,0.7861244330272433,0.7744473056991678,0.7830435403048182
2022-10-17,2022,0.7929085626806948,0.7903897205474086,0.7952566338016437,0.7860587859255562,0.7849709130374555,0.7850880484146454,0.7910254359926057,0.7791997191242139,0.7879576981298717
2022-10-18,2022,0.7890194016636947,0.7866373917074087,0.7915516338016437,0.7826504759255564,0.7811792930750554,0.7816850884146455,0.7870143585614631,0.7756036275366307,0.7841030513311213
2022-10-19,2022,0.7787543302136948,0.7761623883544086,0.7810950003476436,0.7724136559255562,0.7710295884310554,0.7714322184146453,0.7763126229109809,0.7649121073180335,0.773355146120881
2022-10-20,2022,0.7768115025102548,0.7736697657524085,0.7790391403476438,0.7696603659255563,0.7691446403070554,0.7687078184146453,0.774084394837738,0.761750564483253,0.7708272436628233
2022-10-21,2022,0.7710236730482547,0.7681329221624086,0.7731833803476438,0.7646970759255562,0.7634074026390555,0.7637381084146454,0.7681680936564904,0.7565762153074528,0.7652025142627753
2022-10-24,2022,0.7594123739482547,0.7570843258574087,0.7615295703476437,0.7540269259255564,0.7521234895230553,0.7530947084146454,0.7562046230071646,0.745493888956949,0.7536933463741227
2022-10-25,2022,0.7611129610542549,0.7584576851934086,0.7631450203476435,0.7553256559255562,0.7537855447470554,0.7543773884146454,0.7581307396922323,0.7472272953780241,0.7554037529201714
2022-10-26,2022,0.7701248954942547,0.7669894547834086,0.7723826603476436,0.7628450659255563,0.7627171656208154,0.7618935884146454,0.7673150262424268,0.7551362030144303,0.7641193551393333
2022-10-27,2022,0.7726592931141647,0.7691486044544086,0.7750743103476436,0.7644691559255562,0.7650689827768153,0.7635016284146454,0.7697150418522414,0.7567046481504214,0.7662894866032021
2022-10-28,2022,0.7421080398331648,0.7386006376034085,0.7444722203476437,0.7349364159255564,0.7346508427768155,0.7339924284146453,0.7378251205276001,0.7260649375929857,0.7347185110702952
2022-10-31,2022,0.7376098770321649,0.7343836950934086,0.7400448903476436,0.7315191659255563,0.7300898998036554,0.7305773184146453,0.7330662358518957,0.7225732178656348,0.7306454241537799
2022-11-01,2022,0.7672837049361647,0.7630541497104086,0.7689323303476437,0.7586336359255562,0.7593634696396553,0.7576682484146454,0.763669044954591,0.7510165184873172,0.7603955745871042
2022-11-02,2022,0.7841583789641646,0.7793527604464087,0.7858649303476437,0.7740755759255563,0.7760572939916555,0.7731101884146454,0.7810350720102405,0.7671715559482702,0.7772589293468669
2022-11-03,2022,0.7803302402641645,0.7753864853564086,0.7820850403476436,0.7702436759255562,0.7722244449716553,0.7692954084146455,0.777080671622741,0.763110093950429,0.7732441742074829
2022-11-04,2022,0.8017490791951648,0.7968299289144085,0.8037616903476437,0.7912342359255563,0.7934061697796555,0.7902506584146455,0.7994723368642201,0.7851571288968949,0.7955182459040887
2022-11-07,2022,0.8081523610501649,0.8033832627354087,0.8101419503476436,0.7968475859255563,0.7997212126796553,0.7958201384146455,0.8060814281325885,0.7908738211266857,0.8019279323010362
2022-11-08,2022,0.8012463845041647,0.7964886372244087,0.8031345503476437,0.7900632959255564,0.7928243993915355,0.7890486884146454,0.7988684583855857,0.7838244607054187,0.7947653856976992
2022-11-09,2022,0.7899238284711647,0.7851537855414086,0.7914668403476437,0.7792284659255563,0.7815632889075355,0.7782202784146455,0.7869322141663565,0.7724108337112423,0.7829617259393669
2022-11-10,2022,0.7779722618674647,0.7735964888794087,0.7790993903476437,0.7683725659255563,0.7696598922595353,0.7673590284146455,0.7743881484329276,0.7608632308703556,0.7708384074230084
2022-11-11,2022,0.7806282618674648,0.7761699136444087,0.7818604903476436,0.7710370459255563,0.7722190922595356,0.7700160184146454,0.7770723731257173,0.7636633684250009,0.7733986624493617
2022-11-14,2022,0.7775440199874647,0.7727559081294088,0.7785175503476436,0.7671628659255563,0.7690667695515355,0.7661311384146454,0.7735960574378182,0.7593818256036128,0.7696458606418977
2022-11-15,2022,0.7978411077904648,0.7926223797614088,0.7995135903476436,0.7859682059255564,0.7891282754475354,0.7849321984146455,0.7946320519857469,0.7789469290240116,0.7901243185088249
2022-11-16,2022,0.7875875503854648,0.7823659598564087,0.7891213903476436,0.7759482959255564,0.7788994994475356,0.7749112184146454,0.7840015634749222,0.7684142627809083,0.7795143314493782
2022-11-17,2022,0.7863015503854648,0.7809702559354088,0.7875313388416437,0.7745100659255565,0.7776007653235355,0.7734890384146456,0.7826398776380941,0.7668968860615315,0.7780510764021198
2022-11-18,2022,0.7808930902234648,0.7761161573064087,0.7824235788416438,0.7701051659255562,0.7721446006755355,0.7691001884146456,0.7773971331635012,0.7623594286131773,0.7730950764699037
2022-11-21,2022,0.7834245710514647,0.7787831804364087,0.7848834688416437,0.7728733359255562,0.7744893056915355,0.7718597984146454,0.7800126745128019,0.7653299352138474,0.7759094320802965
2022-11-22,2022,0.7766718020514649,0.7717703676514087,0.7777255288416438,0.7658195459255563,0.7676590239915355,0.7647599984146454,0.7729549329025662,0.7579442506947357,0.7686252261836364
2022-11-23,2022,0.7762024982974648,0.7714262109394088,0.7771632688416437,0.7652642759255563,0.7669892847395354,0.7641876084146455,0.7724840956158994,0.757494006104615,0.7681822599341201
2022-11-24,2022,0.7780990791384648,0.7730740693694087,0.7791296088416437,0.7670433059255563,0.7685268047395356,0.7659933884146455,0.7743062454152201,0.7590763167552295,0.7699449975730792
2022-11-25,2022,0.7702635849794649,0.7649073132554088,0.7711904388416438,0.7591379659255563,0.7607822667395354,0.7580677184146456,0.7661088596223431,0.7506488984124354,0.7616569371501356
2022-11-28,2022,0.7674147946044647,0.7621319002474088,0.7685826488416438,0.7564103359255563,0.7578792258515357,0.7553475784146454,0.7631686309426369,0.7476579278388815,0.7587856420564243
2022-11-29,2022,0.782166737699465,0.7766273724344087,0.7834443688416438,0.7706222159255565,0.7725147616715355,0.7695487584146454,0.778456451312249,0.7623836479333143,0.7737365230161382
2022-11-30,2022,0.789777803341465,0.7846402963344087,0.7909331988416437,0.7791113559255566,0.7800028542955355,0.7780197084146454,0.7862159477399855,0.7711792914085811,0.7819216252438059
2022-12-01,2022,0.7937464157444649,0.7887847791464087,0.7945896288416437,0.7829486259255565,0.7838751319035355,0.7818580484146455,0.7902624722225167,0.7753370913637938,0.7860407565086331
2022-12-02,2022,0.7910996835124648,0.7861622909894086,0.7921125088416437,0.7802428159255563,0.7811583132955355,0.7791597284146455,0.7874813585277366,0.7724365810661444,0.783298659585703
2022-12-05,2022,0.7966950310014649,0.7913709630584087,0.7977583888416439,0.7850436959255563,0.7867918669915355,0.7839092484146455,0.7932010611137079,0.7771549585692286,0.7885232972764311
2022-12-06,2022,0.7988965446174648,0.7935006942174088,0.7999623788416438,0.7872812259255565,0.7888740699275356,0.7861403584146456,0.795521688792602,0.7795402127675288,0.7908649321533069
2022-12-07,2022,0.798225124542465,0.7929733536224087,0.7992411688416439,0.7868101259255564,0.7881593755475358,0.7856371584146455,0.7948232204127513,0.7790884520146182,0.7903116805410186
2022-12-08,2022,0.791945872479465,0.7868359410134089,0.7929882388416438,0.7809222859255563,0.7820952913475356,0.7797632284146456,0.7885002021545656,0.7730979859284274,0.7839837005178367
2022-12-09,2022,0.798416269173465,0.7928309769344087,0.7993585288416439,0.7863775159255565,0.7883646519995355,0.7852141784146455,0.7951393627290643,0.7787145121802501,0.7900794003028773
2022-12-12,2022,0.796113841343465,0.7905228150144088,0.7968131088416438,0.7839054059255564,0.7859792944795356,0.7827613284146455,0.7927671446486579,0.7760642850343652,0.7877665499689404
2022-12-13,2022,0.7929204466124649,0.7877523342064088,0.793873678841644,0.7814012059255565,0.7829289224555356,0.7802731784146455,0.7896373546215678,0.7732680144810714,0.7848294063483238
2022-12-14,2022,0.789128212461405,0.7838464676455478,0.790150406563075,0.7777643326292729,0.7790366178640846,0.7766325783729644,0.7856306740215407,0.7694596246710945,0.7808145018406274
2022-12-15,2022,0.7945215513644049,0.7891147399455477,0.7952132565630751,0.7825297526292729,0.7842837504640846,0.7814246683729644,0.7911552997662508,0.7744858347618492,0.7862208486527915
2022-12-16,2022,0.788989479209405,0.7839229259355478,0.789514597431575,0.7780272326292731,0.7789676942120846,0.7768764283729643,0.7855556657056296,0.7697395837383822,0.7808780961141919
2022-12-19,2022,0.7689848354712548,0.7635986337573978,0.769305117431575,0.7579720726292729,0.7590883765314846,0.7568568283729645,0.7648400444656727,0.7490048138003358,0.7599217972293185
2022-12-20,2022,0.7610866091652551,0.7556311851713978,0.7615411874315751,0.749812572629273,0.7513995715754846,0.7487138383729645,0.75683188153347,0.7406299816696811,0.7516791859732879
2022-12-21,2022,0.754609599904255,0.7492306404813978,0.7550714174315749,0.7438362026292731,0.7449055518988846,0.7427425483729644,0.7502626138914252,0.7343073285637663,0.7452163606458337
2022-12-22,2022,0.748241540594255,0.7428794676286179,0.748624437431575,0.7381363226292731,0.7382228738877645,0.7370325083729645,0.7436291985326031,0.7282342405511707,0.738694594308206
2022-12-23,2022,0.7438353971236249,0.738435468979618,0.7442274874315749,0.7335797626292732,0.7338916734640846,0.7324861083729646,0.7392785774752899,0.7235421285058414,0.7342764709631321
2022-12-26,2022,0.7539181148636249,0.7484943795696178,0.754486647431575,0.742993182629273,0.7439847034240846,0.7419363583729645,0.7498156133542966,0.7335182481998068,0.7445750441796187
2022-12-27,2022,0.760881603984525,0.7555963860686179,0.7613824174315751,0.7492945926292731,0.7509525932236847,0.7482276083729644,0.7571168505297785,0.7400618248535191,0.7518473674128423
2022-12-28,2022,0.7497042223995249,0.7445464230236178,0.7502796174315751,0.738164592629273,0.7399340202116848,0.7371077683729644,0.7457902143782498,0.7285423036461447,0.7405219850265886
2022-12-29,2022,0.745889685049525,0.7408531400536179,0.746224027431575,0.734823582629273,0.7360106656516846,0.7337997783729644,0.7418377251452605,0.7251601031813472,0.7368404433952229
2022-12-30,2022,0.7422274285790249,0.7373643023028679,0.7424578427115327,0.7316150495581331,0.7303907057416846,0.7286757580655945,0.7401025366367764,0.7236873883938922,0.7352267420124711
2023-01-03,2023,0.752737130706205,0.7478619048944631,0.7529708074288641,0.7419744838050438,0.7395088474117111,0.7377724904600861,0.7523270382668816,0.7356407559628099,0.7473944498782035
2023-01-04,2023,0.7457302619627227,0.7408802147739524,0.746007547757739,0.7351129150043548,0.7326428463940781,0.7309384882749469,0.7451243327358064,0.7285214731501527,0.7402448551916615
2023-01-05,2023,0.7613651188195424,0.7561695697102353,0.7614339507355211,0.750314032064248,0.7477674583068984,0.7460785342646393,0.7613296426701214,0.7443215589215754,0.7562594354047131
2023-01-06,2023,0.7655491277382471,0.7604578631786336,0.7656962007469106,0.7545140365276979,0.7519540937469816,0.7502616650492394,0.7658878111108525,0.7487497675201193,0.7607616260756817
2023-01-09,2023,0.769538590926128,0.7644414633807465,0.7697366340532114,0.7584954636789417,0.7558568734357866,0.7542270966643596,0.7701550570426416,0.7528895897573733,0.7649627537379851
2023-01-10,2023,0.7738296783957828,0.76872038842701,0.7740955966231925,0.7627907683187471,0.7600717151444617,0.7585051447532051,0.7747044298530552,0.7574756297946157,0.76948185529152
2023-01-11,2023,0.7684452828250194,0.7633184435384175,0.768654271585528,0.7574289079435453,0.7547429750880112,0.7531648258574941,0.7691877674524753,0.7518961428186567,0.7639748742819529
2023-01-12,2023,0.7721969166386452,0.7670926751637839,0.7725045688628891,0.761222975796748,0.758433639324124,0.7569436508977312,0.7731837608867642,0.7559353248968811,0.7679403231833851
2023-01-13,2023,0.7757210707455251,0.7707081264979921,0.7761315199720056,0.7647969592107425,0.7618862241465997,0.7605032756964273,0.7769760332905907,0.7596280448391791,0.7717100385618754
2023-01-16,2023,0.7809624556090723,0.7757707593308455,0.7812334898035016,0.7698244202952426,0.7670422868947677,0.7655105387633993,0.7825609660258734,0.7649913170263991,0.7771825315618555
2023-01-17,2023,0.7811511977456179,0.7758825068539913,0.7814562345808935,0.7700439121262606,0.7671603922814134,0.7657291487775765,0.7827504694479636,0.7652712771989859,0.7773796609605418
2023-01-18,2023,0.7804108724388571,0.7752210910748256,0.7808925902850206,0.769488499245238,0.7664754776204777,0.7651759672890835,0.7820795524430548,0.7647462626327913,0.7767317798548726
2023-01-19,2023,0.7839816206029179,0.7788692676854865,0.7845328388141,0.7730755858847701,0.7699725255030467,0.7687486426706064,0.7858029158249619,0.7685108667336751,0.7804656418699043
2023-01-20,2023,0.7959550350789095,0.7910955409636792,0.7968164177436844,0.7851797764398838,0.7816962020146759,0.7808042041764075,0.7983619380757325,0.7810396822868201,0.7930158556568674
2023-01-30,2023,0.8045558224104059,0.7999940142909359,0.8057191851881677,0.7939525286022323,0.7903194840294795,0.7895417114708264,0.8074116560708506,0.790114013516567,0.802056606830831
2023-01-31,2023,0.8062830843603795,0.8016846189017581,0.8074459787895891,0.7956541042521934,0.7919617048272977,0.7912364509754203,0.8091377372735012,0.7917184932787003,0.8036722368882826
2023-02-01,2023,0.8205215009355381,0.8159077584327732,0.8217262198972638,0.8097257978954818,0.8059584353932946,0.8052516110503568,0.8240123213484697,0.8064320340559886,0.8185291604917263
2023-02-02,2023,0.8148505404721226,0.8102911297129921,0.815949986975909,0.8040339206037254,0.8004381833411784,0.7995826010936975,0.818117128148466,0.800517401598477,0.8125895437406342
2023-02-03,2023,0.8083480527510717,0.8039018680335379,0.8095279048263367,0.7977056260126596,0.7940633764655359,0.7932797306686121,0.8114007160611526,0.7938594525151652,0.8059345776074692
2023-02-06,2023,0.8013394388876549,0.7971754765508551,0.8028904727794854,0.7911651264764691,0.7871642587065022,0.7867655078398997,0.8041451645799058,0.7869755308482599,0.7987619718056265
2023-02-07,2023,0.8004528207833268,0.796253676538536,0.8018420851826847,0.7901320494457406,0.7862591785420447,0.7857365812357232,0.803313571536161,0.7859044461597383,0.797878498176023
2023-02-08,2023,0.7977393785725885,0.7936340052259575,0.7990630148934287,0.787595474223568,0.7835609671664077,0.7832101968016915,0.8005316442764214,0.783256455936068,0.7951283542408965
2023-02-09,2023,0.8060095678912371,0.8020560580318595,0.8073408778454371,0.795799776124711,0.7916871418866351,0.7913815376056089,0.809314674702067,0.7917607119564227,0.8038186334269739
2023-02-10,2023,0.7977282979557969,0.7936208927775886,0.7990659179035937,0.7874669075109095,0.7835816585391023,0.7830821466107268,0.800640229217088,0.7830998335223365,0.7951795443722122
2023-02-13,2023,0.8014115186492142,0.797271989872756,0.8027636252451205,0.7910072220003231,0.787200535445311,0.7866082377510365,0.8044377522664711,0.7868061201611247,0.7989351778377708
2023-02-14,2023,0.7998672178757332,0.7956906482102551,0.8012137148001462,0.7892932015783689,0.785670180126663,0.784901103471798,0.8027347263671352,0.7850429890182701,0.7972237070331982
2023-02-15,2023,0.7928732775472354,0.7886908546399356,0.7941883708042139,0.7824885963254387,0.7787695895610652,0.7781238359811815,0.7955018662222921,0.7779710667418548,0.7900480718013603
2023-02-16,2023,0.7808316255791158,0.7764122501847444,0.7820329549474387,0.7700045146558421,0.7669021121438024,0.765689909588005,0.7826859570353817,0.765000496155962,0.7772034893837194
2023-02-17,2023,0.7713726066483689,0.7670379620543624,0.772870134218967,0.7605551502633611,0.7575695837638168,0.7562785083790117,0.7727623950159607,0.7552134070643218,0.767393107512439
2023-02-20,2023,0.7777078722305754,0.7733210595777784,0.7793274088702841,0.7667138199051868,0.7637873834299167,0.7624124353295895,0.7794495124137577,0.761542329345694,0.7739596741722351
2023-02-21,2023,0.7845195176608452,0.7801335683667547,0.7861665741375783,0.7735470166742541,0.7704768381775449,0.7692181794688313,0.7865584381598713,0.7685733081673993,0.7810314916009594
2023-02-22,2023,0.7792529226945071,0.7748363432190108,0.7808620989294826,0.7682253146491226,0.7653115151065397,0.7639178575854801,0.7810539123595452,0.7630123741798883,0.7754753057540703
2023-02-23,2023,0.7789500144853122,0.7744935098947932,0.7805100402696257,0.767939201951692,0.7650126290042805,0.7636328943567736,0.7808468974341478,0.7628052700984584,0.7752443795456244
2023-02-24,2023,0.773142273382448,0.7687712457124968,0.7748323018056851,0.7624191883512271,0.7592876396726563,0.7581350576224415,0.7748319045519404,0.7570460903861608,0.7693254952404638
2023-02-27,2023,0.7648312089847432,0.7604788895868065,0.7665183776762564,0.7541403421926848,0.7511931456171531,0.749889472045535,0.7662252439142169,0.748413125404145,0.7607113024670255
2023-02-28,2023,0.771544546768407,0.7671413058391356,0.7733459309028904,0.7607337521292592,0.7577826516821582,0.7564563927050707,0.7731413455801229,0.7551720252944945,0.7675889010810251
2023-03-01,2023,0.7802195804032865,0.7757938510492378,0.7823710108523821,0.7691765971173106,0.766294069706328,0.7648653182399052,0.7822145271522387,0.7638288205928395,0.7765376447821034
2023-03-02,2023,0.7707753462706453,0.7664116833992665,0.7731018256133638,0.7597740999849043,0.7569991090086363,0.7555005959999737,0.772411629847508,0.7540325807570245,0.7667367724060901
2023-03-03,2023,0.7725449945066357,0.7681601510397126,0.7750302113682382,0.7615525903250258,0.7587304881426797,0.757271941187013,0.774273568319267,0.7558452313065159,0.7685687318533144
2023-03-06,2023,0.767923144308874,0.7635284738606849,0.770179541242765,0.7569820301551251,0.7541800745151258,0.7527197434177101,0.7694731883837654,0.7511332667063599,0.7637553147182605
2023-03-07,2023,0.7552542617629546,0.7509042211237397,0.7576646272985487,0.7444723931718472,0.7416932979186235,0.7402603643803044,0.756193112508575,0.7381644253134522,0.7506252036590667
2023-03-08,2023,0.754498447119068,0.7501176362795295,0.7567982829402025,0.7437203441139553,0.7409329611939467,0.739511336708316,0.7554512910355308,0.7374072008961732,0.749863638376377
2023-03-09,2023,0.7556721212271558,0.7512420362834913,0.7578930865389087,0.7448155645269933,0.7420825961647839,0.7406021570313828,0.7567177260355704,0.7386063284210777,0.7510810234447043
2023-03-10,2023,0.740233790712712,0.7358488167468389,0.742444023747767,0.7297051823655463,0.7268904694853567,0.7255524814092053,0.7406080473133847,0.7229245869015857,0.7351242670393645
2023-03-13,2023,0.7386977115456971,0.7343848001497819,0.7409212427123656,0.7283425273872928,0.7253769467187765,0.7241953009495353,0.7389953140811534,0.7214422898587133,0.7335183694049745
2023-03-14,2023,0.7355786020569954,0.7310366971054203,0.737834845460214,0.7251244161657043,0.7223523905791792,0.7209901186130777,0.735939287255748,0.7181606786432801,0.7303118072982907
2023-03-15,2023,0.7410946754283997,0.7365979896943752,0.7435116781255863,0.7306341725231742,0.7277187855661902,0.7264777393132819,0.741537408821405,0.7237222264854598,0.7359102565694589
2023-03-16,2023,0.7264859471455327,0.7220699167876622,0.7290137038309583,0.7161405272162038,0.713347847140822,0.7120423227816386,0.7262825625682011,0.7087213094232866,0.7208098097728278
2023-03-17,2023,0.7271165010904354,0.7227173169157635,0.7296537024913754,0.7167513233564781,0.7139441289275961,0.7126506650250173,0.72698346010056,0.7093486478086783,0.7214756246259219
2023-03-20,2023,0.730413357962729,0.726056123292385,0.7328819091914853,0.7199881053941312,0.7172227018952645,0.7158744431668207,0.7306313474371118,0.7127232752685104,0.7250311798797232
2023-03-21,2023,0.7405781249142324,0.7361021473998991,0.742925136429844,0.7300423178965333,0.7271242646915448,0.7258882624852798,0.7413920319524736,0.723186497086433,0.7356565307737329
2023-03-22,2023,0.7440101095276568,0.7396096522361938,0.7463233659759347,0.73343121001914,0.7304679435239408,0.7292635396039425,0.7450293654940162,0.7267113435217003,0.7392569894520041
2023-03-23,2023,0.7508838721473322,0.7464127927040539,0.7532200568768822,0.7403836746735859,0.7372018923268734,0.7361880724652641,0.7522788667628747,0.733891212207733,0.7464695071085435
2023-03-24,2023,0.7501525973911228,0.7456798525875649,0.7524909632753396,0.7396953566026607,0.7364577556680495,0.7355025197385607,0.7516323501127028,0.7332385135772937,0.745831844061548
2023-03-27,2023,0.7449078881540123,0.7404277946901588,0.747190556736222,0.7345250915766374,0.7312969193725418,0.7303530264503718,0.7460844748017117,0.7278846426526758,0.7403372605509624
2023-03-28,2023,0.7349514107348769,0.7304822249806976,0.7372252875713478,0.7245811919914077,0.7215349468300193,0.7204490768627142,0.7356056777647924,0.7175384639188647,0.729929595059139
2023-03-29,2023,0.7327824721836634,0.7283106871104155,0.734957078861864,0.7224247200520826,0.7193712410757348,0.7183012686320279,0.7334733886349862,0.7153806277208459,0.7278022512777106
2023-03-30,2023,0.7389102905669994,0.7343814074112751,0.7411075996308863,0.7284633243481254,0.725375431954217,0.7243156126039498,0.7400280478704461,0.7216494070348929,0.7342662596540029
2023-03-31,2023,0.7394713920595322,0.7349809354671842,0.741610243590402,0.7289564255753774,0.7259185104722037,0.7248067327781285,0.7406751901334657,0.722223539260812,0.734886553889803
2023-04-03,2023,0.7486697277328356,0.7440962653668781,0.7505984382342679,0.7380250209153155,0.735006241865781,0.7338388946888365,0.7504940644157446,0.7317001775698311,0.7445575097166
2023-04-04,2023,0.7462170003316287,0.7417600143213835,0.7482879094277499,0.7358092515762238,0.7325659622094762,0.731632027287959,0.7479357742802046,0.729322830436409,0.7420688219090211
2023-04-06,2023,0.7503987601334814,0.7461152293479705,0.7527218676644231,0.7401639999388056,0.7366633293822289,0.7359692802821474,0.7525079353183984,0.7339264835821729,0.7467456375082285
2023-04-07,2023,0.7514011289229693,0.7468348819009173,0.7533321680111317,0.7406154722697378,0.7375736593876483,0.736418938805692,0.7534530543455779,0.7344480320077771,0.7475614543312257
2023-04-10,2023,0.7550649518577708,0.7503630008037825,0.7569286325435031,0.744107419688225,0.7411281616600764,0.7398968571916359,0.7574444206317182,0.7381675181893876,0.7514382339572605
2023-04-11,2023,0.7623833980928723,0.7576646235294094,0.7643004519163151,0.751298464010332,0.748297561627493,0.7470590112176627,0.765238175431692,0.7457679903408708,0.7591393568219229
2023-04-12,2023,0.7635374838200816,0.7590331522987619,0.7654589163128764,0.7527765532111049,0.7493797003255085,0.7485311621384403,0.7664918383690036,0.7472048439379951,0.7604774328521071
2023-04-13,2023,0.7537970057197851,0.7494911223769509,0.7557777263677805,0.743469400151957,0.7398018627477987,0.7392614009232998,0.7561058498595707,0.7373765212007659,0.7503119936833869
2023-04-14,2023,0.7659105154596312,0.7614545043140498,0.7679893240095137,0.7552897606485944,0.7516571402942605,0.7510342726687593,0.7690470710886183,0.749726403561686,0.7630497250687307
2023-04-17,2023,0.7697125742734787,0.7652684218432652,0.7717119111133497,0.7588884799674145,0.7553633143857744,0.7546185339948355,0.7729661227360978,0.7534016139758262,0.7668963995155819
2023-04-18,2023,0.7680823874732612,0.7637831700626535,0.7701906595411044,0.7569994938063584,0.7537600261515374,0.7527371369080555,0.7713753494277034,0.7516081933809025,0.7652666721476447
2023-04-19,2023,0.7582374919306082,0.753679749101975,0.7601372086582513,0.7471184692184877,0.7440738347269845,0.7428958097150461,0.7609823728983794,0.741433294252997,0.7549189054409894
2023-04-20,2023,0.7496815388105664,0.7451508913050666,0.751445544252186,0.7388149237358721,0.7355631431348029,0.7346256240445471,0.7520109411883015,0.7327790457112033,0.7460480598236108
2023-04-21,2023,0.7336832345933773,0.729409999020524,0.7356589155782772,0.7231527575040485,0.7199819031575814,0.7190263811656367,0.7356964344030258,0.7165113284108969,0.7298383102786696
2023-04-24,2023,0.7199328913465702,0.7162013286361402,0.7223698259923091,0.71028673619783,0.7066877313866633,0.7062120495929618,0.7215474175207387,0.7030614679934987,0.7159939196541093
2023-04-25,2023,0.6973454687375017,0.6940788809170789,0.7004570780958079,0.6891872724032342,0.6844078401859043,0.685197353702561,0.6981045874018051,0.6810769187485854,0.6930785924738995
2023-04-26,2023,0.7076563244826166,0.7042302769752274,0.710191272106295,0.698429231245316,0.6943508954943415,0.6944021826209004,0.7088190599972153,0.6907144960922796,0.7034581028481166
2023-04-27,2023,0.706039386401548,0.7025466634090005,0.7087450162007418,0.6970045645754618,0.6927497810430798,0.6929832396039768,0.7071364441571785,0.6892207865097082,0.7018247220780931
2023-04-28,2023,0.7095976345657806,0.705902905055809,0.7121038212353845,0.700458270475309,0.6961433889517291,0.6964230701080467,0.710812470144162,0.6928560166275316,0.7054806857893373
2023-05-04,2023,0.7067332826148853,0.702949453087006,0.7091849818691758,0.6975237332469293,0.6934246373679794,0.6935003224954154,0.7079666846202999,0.6897531326165315,0.7024711386575936
2023-05-05,2023,0.6985533353934046,0.6949383105352115,0.7011307249456569,0.6896404493972315,0.6853314616005038,0.6856487100406222,0.6994817985744699,0.6815463776992827,0.6940919499092448
2023-05-08,2023,0.701093291101057,0.6973048576169166,0.7033791545782107,0.6919482705418587,0.6877749536758184,0.6879472594253794,0.7020042683949567,0.6838752999198884,0.696516060681416
2023-05-09,2023,0.6965420171484837,0.693116428051346,0.6989242293320592,0.6878826418145613,0.6833342835978172,0.6838979645172633,0.6974904889963163,0.6796285591200638,0.6920574901065312
2023-05-10,2023,0.7030416207834264,0.6992901902980074,0.7050233423200523,0.6934203385507737,0.6897096246344768,0.689413413344668,0.7043733022273044,0.6854529745338992,0.6986061244950672
2023-05-11,2023,0.7092552364409123,0.7052449375284771,0.7110442670726291,0.6993273911447555,0.6957855130573948,0.6952967341285321,0.7108987692409894,0.691549774892997,0.7049251443138953
2023-05-12,2023,0.6992755600547897,0.6954426931055575,0.7010051470828429,0.6896863143446884,0.6859873721718875,0.6856943907238952,0.700613139740598,0.6816093537448741,0.6947885197400654
2023-05-15,2023,0.7157768706176618,0.7117078308100282,0.7175359709508152,0.7055311355897846,0.7022145264927918,0.7014755547925644,0.7180721933336192,0.6980976888864641,0.7118982767669908
2023-05-16,2023,0.7149243281242353,0.7109596785126991,0.7166459578613963,0.7048059229848158,0.7013361606396281,0.7007532557570217,0.7172493807118361,0.6974106246740511,0.7111681458812442
2023-05-17,2023,0.7141820153395021,0.7102528815362064,0.7159455825292095,0.7041581144391845,0.7006248218102504,0.7001080498070426,0.7165677922892096,0.6967517443076747,0.7104939669094238
2023-05-18,2023,0.7054023796079575,0.7015514848630499,0.7072008843594396,0.6954483689649039,0.6919595912923381,0.691433296068908,0.7073884160456169,0.6877672856433458,0.7014225679398169
2023-05-19,2023,0.7049295338613217,0.7010796971544154,0.7066961466688073,0.6949840933706048,0.6914618124385669,0.6909708857195972,0.7068753508259267,0.6873340384857334,0.7009461018596946
2023-05-22,2023,0.7048566370298311,0.7008954182910033,0.7066154415013045,0.694897155554266,0.6913727375962245,0.6908842971792662,0.7067399063705732,0.6872399564409581,0.7008276349058193
2023-05-23,2023,0.6991449357696611,0.6952154880116426,0.7006569351795642,0.6893447972524603,0.6857801258683609,0.68535424568967,0.7006085624635197,0.6814425179648655,0.6948636996663279
2023-05-24,2023,0.6916656735747535,0.6876768490290295,0.6931293333021944,0.6820452471023535,0.6783608669753476,0.6780840217619646,0.6928495509629372,0.6738914279668963,0.6871233552383711
2023-05-25,2023,0.6897389366881221,0.6857953295901914,0.6912916758956992,0.6802401698713311,0.676479273345668,0.6762861964978772,0.6909367845377105,0.6719923528305756,0.6852086574316495
2023-05-26,2023,0.6861970704108297,0.6820757771705163,0.6875452781688473,0.6765584415089883,0.6729655697769817,0.6726192596202911,0.6870936851381669,0.6681196267867325,0.6813436543861943
2023-05-29,2023,0.6779645488371048,0.6741025985453922,0.6795247585297012,0.6686674244882166,0.6649757134156411,0.6647599450627352,0.6786887433798143,0.6600464422841908,0.673107340677546
2023-05-30,2023,0.6774056487888985,0.6735720547638437,0.6789637425345914,0.6680960111860602,0.6643915050106056,0.664190827435413,0.67808437221717,0.6594107311091354,0.6725033613470038
2023-05-31,2023,0.6709377983930815,0.6673229973255688,0.6727089997952219,0.6619506258800113,0.6580656590658096,0.6580701314502841,0.6715208355376161,0.6530897188749797,0.6660684749293547
2023-06-01,2023,0.6720580325416424,0.6681831047349006,0.6736491635978669,0.6628638806173505,0.6590238590447093,0.6589797171517258,0.6727260782157333,0.6540633575780753,0.6671929851489449
2023-06-02,2023,0.6873195620471203,0.6835095940741482,0.689055854319925,0.6773892999659231,0.6739896701161369,0.6734467800715419,0.6887889808929926,0.6691913264887386,0.6829346037064858
2023-06-05,2023,0.6838005257579396,0.6800200710055933,0.6857196497020145,0.6740409466332125,0.6705077302163167,0.6701118788766335,0.6852063371148815,0.6658299193913761,0.679443248112445
2023-06-06,2023,0.6715163672998551,0.6679695966045471,0.6736826781448869,0.6624966830239771,0.6584531474112018,0.6586139947887526,0.6725709894063611,0.6539177315254688,0.6671217620374552
2023-06-07,2023,0.6661618170228021,0.6626889430190015,0.6685487974753112,0.6574303951287971,0.6533147319337961,0.6535680608992999,0.6671178109119308,0.6486518134371266,0.6617398796592326
2023-06-08,2023,0.6654283713448846,0.6619066455419215,0.6681304447546784,0.6569608592222916,0.6525478104213779,0.6531004113712887,0.6663753456618913,0.6480998798116774,0.6610576213968284
2023-06-09,2023,0.6703313837922776,0.6666950576166234,0.6727302977717273,0.6614237841861013,0.6573315716000877,0.6575454063630647,0.6714292597845227,0.652776091044612,0.6660163912196189
2023-06-12,2023,0.6729235002383316,0.6691540263860846,0.6751666661822768,0.6635696769718096,0.6598865120620383,0.6596826779422892,0.674131652669619,0.654992211296966,0.668527171933265
2023-06-13,2023,0.6761580837515136,0.6723454078978554,0.6783823841703508,0.6663670213709091,0.6630442153945603,0.6624687839030884,0.6774930743666161,0.6579591390919742,0.6717198285232294
2023-06-14,2023,0.6724716385002052,0.6686884612820918,0.6747734673622336,0.6629054506092792,0.659385484422224,0.659021120134619,0.6737737730396999,0.654401016086664,0.6680339492948071
2023-06-15,2023,0.6877822771281982,0.6840026549816399,0.6904671254650783,0.6776660841962848,0.6744249028242635,0.6737224523106533,0.6897447036725153,0.6696299246097147,0.6837469387867491
2023-06-16,2023,0.6936914197532458,0.6897781125369582,0.696529137834671,0.6834395219337659,0.6802000514425264,0.6794726950408219,0.6958535517268544,0.6755089869337986,0.689750615952134
2023-06-19,2023,0.692006729769894,0.6882361187312057,0.6954924811629033,0.6820223769260966,0.6785865382341437,0.6780612434675171,0.6943921570137468,0.6740533745318028,0.6882667695049682
2023-06-20,2023,0.6915050238398186,0.6876508926552917,0.6953363957073746,0.681606334728655,0.6780801667405957,0.6776468727355439,0.6938547262559165,0.6736300105856616,0.6877537070155805
2023-06-21,2023,0.6805088212838921,0.6765940760610405,0.6837768245431106,0.6708925054137217,0.6672602186388941,0.6669760866403708,0.682259186057037,0.6625295760197123,0.6763533190921943
2023-06-26,2023,0.6765812684381372,0.672595363312101,0.6802078816652454,0.6672382052995869,0.6631657611119094,0.6633364678169544,0.6779490257836774,0.6587373511018998,0.6721887194982886
2023-06-27,2023,0.6825822254286937,0.6786422914569171,0.6859666371289826,0.67286478594817,0.6690065598791326,0.6689404434622064,0.6840964773238127,0.6645053981874558,0.6782273529049888
2023-06-28,2023,0.6767069142506323,0.6725581866339908,0.6797479137642425,0.6669713329702326,0.663222116858455,0.6630706676574082,0.6778693763493358,0.6584046771708539,0.6720536257692575
2023-06-29,2023,0.6753820689655723,0.6712042663280217,0.6782778276426932,0.6656337167683924,0.661918827479917,0.6617384253799081,0.6765023787095156,0.65696860400111,0.6706367495867764
2023-06-30,2023,0.6808108600604305,0.6763639470370936,0.6832693702599885,0.6705791111548403,0.6672159077327137,0.6666639514549316,0.6820180698822832,0.6621257699803692,0.6760277429875945
2023-07-03,2023,0.6911443804071571,0.686736730028054,0.6942129909733605,0.6806282316164974,0.6773628091898026,0.6766726991901142,0.6928015056638622,0.6724690515797013,0.686684774790028
2023-07-04,2023,0.6999929374872661,0.6957921402814297,0.7036384190407992,0.6895452655827694,0.6860653537678549,0.6855539086307813,0.7021295206457379,0.6816122409418895,0.6959156084713534
2023-07-05,2023,0.7010001775265016,0.6968707415835479,0.7038610524495145,0.6902034923267064,0.687108284073161,0.6862094909235555,0.7031133535375598,0.6823415786776729,0.6968286781489074
2023-07-06,2023,0.6971898405803734,0.6932174513708064,0.7005450649586612,0.6867073381216839,0.6833373125930516,0.6827273826520025,0.6991872018063434,0.6787402880610189,0.6930136020997189
2023-07-07,2023,0.6904613765802511,0.6864260224137055,0.6936009606998781,0.680229764795906,0.6767081777019957,0.6762758332252413,0.6921596139669355,0.6719907442292059,0.6860859998283789
2023-07-10,2023,0.6969643700342895,0.6929774657566236,0.7003859116954976,0.6864704923816906,0.6831102360683975,0.682491488448844,0.699065895370976,0.6784755913144195,0.6927628609372525
2023-07-11,2023,0.7031446454992348,0.6994652380791541,0.7078795980986125,0.6930785483736188,0.6891538036040787,0.6890729963226452,0.7059464039616913,0.6854364942394101,0.6996452446008329
2023-07-12,2023,0.6942110172957584,0.6904929499166075,0.6984042917133004,0.6843742461153071,0.6802904875420115,0.6804036639321509,0.6964607040023788,0.6763790051152935,0.6902477289496193
2023-07-13,2023,0.6994933299024194,0.6957320896481131,0.703344551248383,0.6892698380954462,0.6854690863711148,0.6852795876839413,0.7019691961343448,0.6814215402611042,0.6956205057451171
2023-07-14,2023,0.6911728142999601,0.687483063991647,0.6950284591420535,0.6811494012274341,0.6772556181321432,0.677191774982171,0.6932692915029214,0.6730088216468528,0.6870474662485581
2023-07-17,2023,0.6846802343177049,0.6809308749405889,0.6885608119541469,0.674845736731093,0.6708544447499398,0.6709134356994613,0.6863365627516919,0.6664468136410885,0.6802059788643469
2023-07-18,2023,0.6831172219209802,0.679540954150376,0.6870104931573593,0.6733262746992679,0.6692607340267726,0.6694000781645653,0.6848507231165379,0.6649694784290182,0.6786936652221075
2023-07-19,2023,0.6825715303650515,0.679143475070357,0.6865761850176868,0.6729444594372045,0.6687080008392422,0.6690197968599458,0.6843562265670253,0.6646149336153343,0.678296071445488
2023-07-20,2023,0.6788621566157301,0.6752064188439126,0.6828177075017343,0.6689288146500927,0.6650500341820688,0.665020285079621,0.6803360566191455,0.6605325067347059,0.6742015187691813
2023-07-21,2023,0.6741995529298678,0.6706568104083256,0.6783959998194656,0.6646881177575864,0.6605762815507952,0.6607966253493573,0.675516095327317,0.656110106115296,0.6695253926501639
2023-07-24,2023,0.6672799551241477,0.6638371361232086,0.6716188669049299,0.6581397094627104,0.6537402408969708,0.6542745255357004,0.6683512026640871,0.6493563488872768,0.6625154585938063
2023-07-25,2023,0.68237008639032,0.6790184107726134,0.6866755629999338,0.67259422068068,0.6685456038064373,0.6686709652010447,0.6842086863052949,0.6643558618157914,0.6781214641235102
2023-07-26,2023,0.6776365094399619,0.6742343439931185,0.6819777055476471,0.6677815983554827,0.6638711094687959,0.6638776777704286,0.6791660343976191,0.659311339623694,0.673088894321551
2023-07-27,2023,0.6749421151935687,0.6715336102026775,0.6792298467980364,0.6652948680666365,0.6612110180605604,0.661400938015794,0.6763354491932941,0.656672426757403,0.670334149790235
2023-07-28,2023,0.6871971143059769,0.683836077106298,0.691315419645548,0.6774072307618536,0.6732532733371868,0.6734646388298127,0.6890040359451054,0.6691190860407421,0.682969492699567
2023-07-31,2023,0.6989739584946311,0.6954813440979731,0.7028193726010157,0.6885859958100827,0.6848088910236416,0.6845984927611598,0.7011924068933015,0.680697064785496,0.6949354544479901
2023-08-01,2023,0.6971762330575467,0.6935265572832894,0.7008754249297579,0.6865395514580607,0.6830069196892412,0.682560270077729,0.6993768281351622,0.6785985927875448,0.6930223894836743
2023-08-02,2023,0.6920235748104614,0.6885833868370973,0.6956527908496642,0.6815170653558976,0.6779531772990797,0.6775579620059117,0.6941494123656373,0.673467939531812,0.6878323503368639
2023-08-03,2023,0.6972141408954157,0.6936486433738055,0.7009004828819493,0.6865098259385971,0.6829917576867962,0.6825306639816789,0.6995129514244091,0.6785941105162551,0.6931768307456644
2023-08-04,2023,0.6966852587295788,0.6931403666860799,0.7003463123481495,0.685557950862219,0.6824609948153019,0.68158261309989,0.6988804402353437,0.677642807263782,0.6923964261893536
2023-08-07,2023,0.693160357194483,0.6896666904596702,0.6966336741794057,0.682080906442291,0.6790013047052958,0.6781195378391379,0.6952548729346001,0.6740809014015573,0.6887722793784035
2023-08-08,2023,0.6901805605068001,0.6865971019711441,0.6937660347060305,0.6789773368728615,0.6761069348337342,0.6750284369793628,0.6921688686344866,0.6709133901917049,0.6856718759647339
2023-08-09,2023,0.6877228366725102,0.6842094845577652,0.6913715042191878,0.6767236113449986,0.6736841811682758,0.672783765880157,0.6896037093836015,0.6685851909952215,0.6832094873414756
2023-08-10,2023,0.6875574330572949,0.6838573761552814,0.6912428659733596,0.6763991473866702,0.6735245750080243,0.6724606054682125,0.6893756547865454,0.6681902408354479,0.6828873925484017
2023-08-11,2023,0.6747373752133782,0.6713242869450701,0.678361415208014,0.6639963481490795,0.6609567205527425,0.660107634951757,0.6760724066284942,0.6553521628211688,0.669786750616682
2023-08-14,2023,0.6659284778060041,0.6625774024082038,0.6695707143503095,0.6554972492798675,0.6522968606794932,0.6516426815378848,0.6668825097797798,0.6465946442519392,0.6607282625595113
2023-08-15,2023,0.6572063418434516,0.6540231540750119,0.6608860661708578,0.646731198711373,0.6436939234741815,0.6429118489134095,0.6575036674365609,0.6373692875685817,0.6514277703725331
2023-08-16,2023,0.6506284557892698,0.6473788928783333,0.6543384121263475,0.6400375940937616,0.6372091005080771,0.6362451361088068,0.6504595278864382,0.6304679891827025,0.6444897347286205
2023-08-17,2023,0.6521459468181603,0.6488558034913824,0.6558679124052252,0.6414734764223253,0.6386473077573904,0.6376752497251016,0.6520419141697312,0.6319619950567376,0.6460161891313666
2023-08-18,2023,0.6411401327606849,0.6380726213223609,0.6448615465795658,0.6311476810973767,0.6278302116765521,0.627390938678491,0.640660265886105,0.6212320761316535,0.6348619760413886
2023-08-21,2023,0.6329785997162906,0.6298885241652425,0.6366782579075619,0.6230776890870318,0.619833493844515,0.6193533681702396,0.6321389118867897,0.6129164895034096,0.6264242467726803
2023-08-22,2023,0.6330869330199282,0.6302652549618707,0.6368201490258826,0.6236131800902549,0.61993050728883,0.6198867078178404,0.6324588296129406,0.613473240509668,0.6268362783196046
2023-08-23,2023,0.6188275546885639,0.6162268135891047,0.6226521229965556,0.6102547599072322,0.6059535170041235,0.6065819555997148,0.617626594480967,0.5996245842357893,0.6123504407397414
2023-08-24,2023,0.6188850587771489,0.6164719064538962,0.6228412492828292,0.6107048714341718,0.6059949881326316,0.6070302587863496,0.6178987818645016,0.6001817663053433,0.6127062430627549
2023-08-25,2023,0.6125588845510582,0.6103179590635662,0.6167050976620257,0.6050779510676944,0.599833080340078,0.6014259447880329,0.6113740751787368,0.5943348371107197,0.6064090576136454
2023-08-28,2023,0.6214907009810925,0.6188452822739781,0.6253598322149946,0.6133889956045678,0.6084373750099974,0.6097035993850517,0.620363544693359,0.60275326227438,0.6152853748836964
2023-08-29,2023,0.631906456541205,0.6291139992897143,0.6355020365083653,0.6231816045136995,0.6185175355512439,0.6194568661126991,0.6311826472790755,0.6128860627011651,0.6258719313532524
2023-08-30,2023,0.6353707836303568,0.6329600771856585,0.6392614940686705,0.6272215096558545,0.6217453969721745,0.6234805407811616,0.6349985939230657,0.6171269584760745,0.6299405506905951
2023-08-31,2023,0.6295730914051096,0.6272824174500728,0.6334920397874197,0.6217928308781767,0.6160326507387949,0.6180736719284664,0.6289738014989,0.6114927187641027,0.6240364506058458
2023-09-01,2023,0.6332369526985215,0.6308696811034058,0.6372858063246366,0.6253486482904905,0.6195896434401884,0.6216152037080894,0.6327512040463622,0.6151330222514736,0.6277740359500213
2023-09-04,2023,0.647783658731191,0.6453523024807727,0.6516578820428762,0.6391504564581474,0.6337968362370445,0.6353615625826332,0.647908339615151,0.6294166531023289,0.6426387114931132
2023-09-05,2023,0.6457999805202336,0.6433799430418995,0.649613019501637,0.6372216923868468,0.6318032502082018,0.6334405473948872,0.6458213524765692,0.6274136611543736,0.6405632193805625
2023-09-06,2023,0.6486282198416701,0.6461493880253062,0.6523845700810085,0.6398219912798357,0.6343535215599191,0.6360303994874464,0.6486936511322897,0.6301075089900384,0.6433675211581116
2023-09-07,2023,0.6357650172710922,0.6333068658027807,0.6396332872579866,0.6277645582425394,0.6218045084005962,0.6240214076493433,0.635248919552045,0.6176190339735796,0.6302427102788334
2023-09-08,2023,0.6318981698013132,0.6296797763889743,0.6360660594577379,0.6244791091717897,0.6179573829497483,0.6207491579961135,0.631253413313987,0.6141954258736251,0.6264314197923163
2023-09-11,2023,0.6361198361489081,0.6340552917103207,0.6402823576477815,0.6288861753265658,0.6220803812356366,0.625138518593761,0.6357484798953584,0.6187621449200695,0.6309377956263059
2023-09-12,2023,0.6380560504559298,0.6359950082829722,0.6422046923712379,0.6306790565347118,0.6239259209278099,0.6269241968329614,0.6378261759549657,0.6206199534129995,0.6329462972272888
2023-09-13,2023,0.6304316024366581,0.6286706333168691,0.634595197393817,0.6236652020614575,0.6164443084093358,0.6199385207887805,0.6299409678109693,0.6133946618798468,0.6252898593511476
2023-09-14,2023,0.6304008055866024,0.6286850622679985,0.6347211850651467,0.6242612268938809,0.6164524167920892,0.6205321510686038,0.6299367182034312,0.6139220212564136,0.6254811139144945
2023-09-15,2023,0.6288654855980064,0.627192766113737,0.6331692996823111,0.6229220640748686,0.6149369319214458,0.6191983683875256,0.6284030223146692,0.6125623915758868,0.6240081150214118
2023-09-18,2023,0.6381029806976022,0.6364852438001303,0.6425771314988774,0.632155806879944,0.6239450370756342,0.6283950142771015,0.6381916302200241,0.6221370580875203,0.6337225101410725
2023-09-19,2023,0.6354445166901531,0.6341015567501062,0.6401331607442886,0.6303968287131942,0.6213245974686196,0.6266431028725301,0.6355493321708657,0.620313946519151,0.6313703126966345
2023-09-20,2023,0.6296679897717876,0.6284619080705676,0.6343701138742206,0.6250390288015175,0.6157565879404091,0.6213068281272762,0.6295302854859663,0.614736652494359,0.6255177601738612
2023-09-21,2023,0.6254985098458901,0.6244770904460731,0.6303361548003081,0.6212289019979772,0.6116398228643134,0.6175120086541495,0.6252259004425,0.6107966668968094,0.6213585787248997
2023-09-22,2023,0.6347617418545112,0.6334698762733058,0.6393533498475104,0.6298760943855208,0.6207393883548691,0.6261244606149693,0.6350004367312285,0.6197892323145439,0.63087455529521
2023-09-25,2023,0.631009379411063,0.6300454432163752,0.6358689135213026,0.6269267858492904,0.6170622015948226,0.6231870010387826,0.6311470645756259,0.6167205026205741,0.6273068405005149
2023-09-26,2023,0.6227655872030882,0.6219874149483937,0.6278318296476854,0.6193025376240392,0.6089945029799653,0.6155933835228901,0.6226176175492403,0.608807427355508,0.6189782201650117
2023-09-27,2023,0.625728701288555,0.6248096839861709,0.6307827134943855,0.6218285995379497,0.6118609120608237,0.6181092968862782,0.6256579358691747,0.6113953734518094,0.6218495421368588
2023-09-28,2023,0.6308552203014955,0.6300978416694162,0.636242622251853,0.6270731966530081,0.6168818364014028,0.6233328236314867,0.6309390871618362,0.6167630390549265,0.6271856688102537
2023-10-09,2023,0.6353545249936435,0.6350959855819132,0.6412150777372665,0.6320301593113328,0.6212942627674786,0.6282698715024115,0.6354391581571611,0.6218561095494016,0.6319318507966316
2023-10-10,2023,0.6413695761165331,0.6411858681243062,0.6472134317714251,0.6382529915930051,0.6271095082958232,0.6344677033169718,0.6414175751841542,0.6284076290003177,0.6380535074111613
2023-10-11,2023,0.6455491417515995,0.6453937414690168,0.6513965951734088,0.6419753904359528,0.6311719071867363,0.6381751472799488,0.6461380411600965,0.6322469225392517,0.6424909230636242
2023-10-12,2023,0.6602930691351232,0.6596057697163498,0.6659453313107431,0.6553774075597785,0.6455030892370773,0.6515233212864976,0.6614080039627365,0.6460726706781331,0.6572390350253392
2023-10-13,2023,0.6627237893000936,0.6625570286265677,0.6697943812589282,0.6595335809656094,0.6478532675920793,0.655662797106432,0.663964828523759,0.650297141839104,0.6602735216734995
2023-10-16,2023,0.6549007965996961,0.6550404961726679,0.662882952569803,0.6533960184179632,0.6402272324696284,0.6495498924514741,0.6557042996832779,0.6438616684100417,0.6525933178569984
2023-10-17,2023,0.6574270916550794,0.6576794106662861,0.6658449287366733,0.6564621219807047,0.642644449454152,0.6526036778256784,0.6583677688253492,0.6470197139487078,0.655389439274451
2023-10-18,2023,0.6508368213996819,0.6520892684984404,0.6587642677968496,0.6534102117499248,0.636342210450667,0.6495640287611806,0.6517312301440384,0.6438450479833083,0.6498989885808699
2023-10-19,2023,0.6385459137584821,0.6389037271041863,0.6460129849738279,0.6385705198406637,0.6241301585500741,0.6347839558827301,0.6387741358261142,0.6285052842466767,0.6360759698142878
2023-10-20,2023,0.6423020971124684,0.6420839300612249,0.6499736783078215,0.6419630407739164,0.6276132786977311,0.6381628472331528,0.64231669793218,0.6319264969052112,0.6394898310341448
2023-10-23,2023,0.6354740773531675,0.635948456784396,0.6427726168142546,0.6375874999116258,0.6209909654279848,0.6338048852739201,0.6352483017720076,0.6273356517864649,0.6332413344908926
2023-10-24,2023,0.6378636337543624,0.6373753027938835,0.6447584762307335,0.6370424466997051,0.623323073850461,0.6332620218341614,0.637606083914012,0.6268394232797465,0.6347097342000996
2023-10-25,2023,0.6412186124145347,0.6411452733457934,0.6480206058296766,0.641254852038245,0.6265564565335742,0.6374575036728604,0.641253030806648,0.6311926608347763,0.6385546231200705
2023-10-26,2023,0.647173564656634,0.6464681762246703,0.6539126844482296,0.6458705601728537,0.6323115891013104,0.6420546680231933,0.6472742633867482,0.6359776992906959,0.6440964102048116
2023-10-27,2023,0.6603432732688217,0.6587818020628506,0.6671186410295493,0.65698273193382,0.645170670968891,0.6531221962083605,0.660973860707159,0.6476108272838828,0.6570750994315778
2023-10-30,2023,0.6697611212842463,0.668962389765402,0.6767657224613511,0.6672954313493814,0.6543926234636052,0.6633934639589015,0.6714695747239178,0.6584585998528889,0.6676809937378844
2023-10-31,2023,0.6633138373301424,0.6625508208042805,0.6702460442283543,0.6604169329764459,0.6480808657338161,0.6565426002167204,0.6647583083967937,0.6513616063397217,0.6608157255404564
2023-11-01,2023,0.659900417892411,0.6590518170549431,0.6667367652627292,0.6572578338247547,0.6446991576689949,0.6533961928669081,0.6610463161060984,0.6480315568016461,0.6572417179864389
2023-11-02,2023,0.6548595783665809,0.654564659017201,0.6615633784113428,0.6539384158672542,0.6398121449776186,0.6500901107982311,0.6558921178915134,0.6445571220021621,0.6526773091225946
2023-11-03,2023,0.6629569163788924,0.6628683378399793,0.6697865222203432,0.6626644178279361,0.6477176413315,0.6587810557117099,0.6644061684619464,0.6535772364265147,0.6613481285392006
2023-11-06,2023,0.6840477215443275,0.6842725219450454,0.6909623405422012,0.6848967213216073,0.6677104242982074,0.6809240400742921,0.6863295985653839,0.6766035000186985,0.6836150765489305
2023-11-07,2023,0.6817968461633189,0.6817421220188254,0.6883565882236855,0.6815598689774759,0.6654333598671405,0.6776005936623004,0.6840139950167308,0.673227332215482,0.6809777636242185
2023-11-08,2023,0.6796030641474721,0.679843146865638,0.6862434938067011,0.680230041566496,0.6632863671233372,0.6762761088838948,0.6817852535995917,0.6718367298099448,0.679033759691751
2023-11-09,2023,0.6740527275294572,0.6733729396985414,0.6802833763514421,0.6725649399568774,0.6578325441789473,0.668641802113672,0.675724081263602,0.6639173714399985,0.6723604267626221
2023-11-10,2023,0.6693011763320851,0.6676411217347346,0.6748745041460827,0.6651052246401215,0.653232043342631,0.6612120564890107,0.6704049751734661,0.6561893525669701,0.6662808748527773
2023-11-13,2023,0.6673064014742646,0.665369521208882,0.672799594335949,0.6626530997431195,0.6511946606585227,0.6587697830977326,0.668081890729244,0.6535973851153162,0.6638334503136529
2023-11-14,2023,0.6658736675581756,0.6639949989382307,0.6713584762386673,0.661379496948698,0.6497966701530332,0.6575012970513345,0.6666415052183637,0.6522932285887859,0.6624326898901421
2023-11-15,2023,0.673872141583601,0.6720071994470534,0.6795657240252555,0.6695529612755021,0.6575734443800878,0.6656419241720494,0.6750200401678844,0.6607314917417629,0.670801313367726
2023-11-16,2023,0.6628453899078984,0.6611257117660179,0.6683167562446489,0.659174928636015,0.6468444779488222,0.6553055856763131,0.6634830446449455,0.6499650137512749,0.6595484273408604
2023-11-17,2023,0.6647138702230709,0.6630451101060489,0.6701774892408956,0.6611618268391534,0.6486642091247221,0.6572845014397949,0.6654685603540716,0.6520280475446908,0.6615523593074937
2023-11-20,2023,0.6633223177613103,0.6613285260102879,0.6688588989613967,0.6591274102385462,0.6472609021870891,0.6552582581858267,0.6638643977490215,0.6498932852106531,0.6597790154454907
2023-11-21,2023,0.6610899415498511,0.6593270163890067,0.6666988292367039,0.6573762018236228,0.6450408440231364,0.6535140853178059,0.6615632999807217,0.6480636202072872,0.6576651701781292
2023-11-22,2023,0.6497630569422945,0.6482155944398817,0.6554052807174835,0.6463516775455938,0.6339521552610675,0.6425338524884548,0.6498381875446277,0.6366483054619003,0.6460578766570977
2023-11-23,2023,0.6564618617689145,0.654777084695859,0.6620586459096391,0.6529518329729248,0.64050221242739,0.6491074915384798,0.6567473684850488,0.643471388751422,0.6529613724488822
2023-11-24,2023,0.6513583463805778,0.6500136857533093,0.6572620935363208,0.6482589101859859,0.6355013103106,0.6444334227486409,0.6514859144092379,0.6386239988075019,0.6478882446817655
2023-11-27,2023,0.6469258336533023,0.6462428825253873,0.6530076467568583,0.64505648479106,0.6313060210232199,0.641243863220436,0.6472464632756584,0.6353261286984633,0.6439315020622502
2023-11-28,2023,0.649671671411857,0.648773524707325,0.6556303048404526,0.6480274930296602,0.6339948773501884,0.644202935319607,0.6500214474468118,0.6383483603825707,0.6467987682650613
2023-11-29,2023,0.6417355656951277,0.6412207978760969,0.6479279283869084,0.6400864920687027,0.6262528162123042,0.6362938376342602,0.6421301767670559,0.6302118295658118,0.6388186862505218
2023-11-30,2023,0.6396810232773775,0.6394444633812459,0.6460735508297951,0.6388910916069287,0.6241907163215438,0.6351032397396416,0.6400278105334752,0.6289466316714233,0.6369835865016512
2023-12-01,2023,0.6392808494725171,0.6392330425353053,0.645593098935198,0.6389473967011428,0.6237650649114129,0.6351593186259822,0.6397457108330412,0.6290265873955804,0.6368080043253612
2023-12-04,2023,0.6375454332012205,0.6373882788561526,0.644100238950858,0.6374907511374723,0.6219421679709398,0.6337085251916738,0.6378386796701333,0.6274069207514252,0.6348882601914676
2023-12-05,2023,0.6266773225047457,0.6261710245424359,0.6330335484254781,0.6262046232661729,0.611280276464618,0.6224677397715113,0.6264054799637209,0.6157238616287621,0.6233118191626242
2023-12-06,2023,0.636340833117029,0.6353697084012266,0.6426145214109649,0.6344849399709649,0.6207104317586803,0.6307147899866914,0.6366178377945867,0.624303096858319,0.6329295432830561
2023-12-07,2023,0.6391007688695409,0.6386934895275814,0.6455626061915979,0.6395738859842298,0.6233950082678185,0.6357832909643715,0.6396793779445659,0.6295175212317157,0.6367538141726372
2023-12-08,2023,0.640829889572242,0.6405997275930573,0.64717082185096,0.6409046937593762,0.6250539116056785,0.6371087521682928,0.6416418870174448,0.6309895506380206,0.638600055114945
2023-12-11,2023,0.6420774024095605,0.6420460240960062,0.648487013991627,0.6425867279713637,0.6262832116989844,0.6387840287433886,0.6429890470576076,0.6326496716512864,0.6400636240181081
2023-12-12,2023,0.6450106034784158,0.6453053661301345,0.6516085146505821,0.646396101211403,0.6290736793587598,0.6425780976804845,0.646061688070246,0.6365878565840893,0.6434917014623261
2023-12-13,2023,0.6354295973366203,0.6360325286846329,0.6423032608095647,0.6377977294961166,0.6197213544778504,0.6340142702530004,0.6361853806313085,0.627711934247064,0.6339713704676664
2023-12-14,2023,0.6327461752905561,0.6335453540538422,0.6395336851680549,0.6358364744004651,0.6171052135561185,0.6320608945748389,0.6334390709154065,0.6257147215422584,0.6314855158243001
2023-12-15,2023,0.6370567955981323,0.6377791949463008,0.6437432345914689,0.6404617886406746,0.6213347807951018,0.636667626437875,0.6379243868261746,0.6304554504469713,0.635950385577195
2023-12-18,2023,0.6330958488797227,0.6349812972415818,0.6400321407350379,0.6401006927168146,0.617463713830791,0.6363079812307242,0.6339701387138122,0.6299485678556521,0.6331326823279727
2023-12-19,2023,0.6343700857076434,0.6363929005351102,0.6413500256795862,0.6415005210557362,0.6186142444855939,0.6377021857056615,0.6354387469911588,0.6314109724267827,0.6345788138426431
2023-12-20,2023,0.6262102053035478,0.6274143661668875,0.6327235597204696,0.6313523389094147,0.610614078156613,0.627594774269928,0.6267637315488318,0.6209447512596563,0.6253308441728672
2023-12-21,2023,0.6310409572685071,0.6319962565812232,0.6374265475564493,0.6356548572736086,0.6151455909233854,0.6318800071017482,0.6316978113318611,0.6254302820245883,0.6301373821250573
2023-12-22,2023,0.6370695221670114,0.637841318018125,0.643721788208173,0.6414781692090181,0.6209354127228098,0.6376799236583439,0.6379520592901495,0.6314318651544658,0.6362095075288874
2023-12-25,2023,0.6392015430822569,0.6395350639011568,0.6458344742733441,0.6422196464294443,0.6229299980546867,0.6384184219656283,0.6402612529562367,0.6322652883503682,0.6380547358303951
2023-12-26,2023,0.6331003993952307,0.6332387131912282,0.6398793758331017,0.6359574459419555,0.617056173932548,0.6321813801085265,0.6338565300402303,0.6257738329800085,0.6315926937622434
2023-12-27,2023,0.6295886131843145,0.629783391597113,0.6362848849808688,0.6318183264829298,0.6139715797236838,0.6280588897205128,0.6304482203255275,0.6215224952419393,0.627928288684407
2023-12-28,2023,0.6449766552268185,0.6437485091731366,0.6519982627640155,0.6422976804906303,0.6291119812201516,0.6384961425219836,0.6464757631792164,0.6324382777453995,0.642224268590603
2023-12-29,2023,0.6540007161229306,0.6531742776089348,0.6611805302893794,0.652360486540202,0.6362883037225795,0.6468154208034359,0.6577918955749487,0.6444182677033,0.6538757780102017
2024-01-02,2024,0.6406659154672056,0.6397866655379647,0.6476993362302613,0.6390591294786139,0.6222571381142618,0.6325521155780994,0.6446908234756681,0.6315835547126586,0.6408297297038
2024-01-03,2024,0.6349056756313176,0.6337872256880596,0.6418935099937902,0.6333307520463044,0.6166589596945076,0.6268724293680245,0.6385867040836427,0.6256271310669029,0.6347021952578991
2024-01-04,2024,0.6283277833375721,0.6270256576638249,0.635607666692329,0.6271287609007666,0.6102985019363254,0.6207231551624462,0.6315469079517694,0.618985300394417,0.6276357710547887
2024-01-05,2024,0.6191073127515077,0.618019690724153,0.626577924190167,0.6182194737360871,0.6014070424070813,0.6118895969605338,0.6220612757925092,0.6097462592407893,0.6182479494030686
2024-01-08,2024,0.6071628137124245,0.6061391563176526,0.6145973329813235,0.6063987017199786,0.5897932974470443,0.6001693015355754,0.609504549519102,0.597435746481582,0.605794268819672
2024-01-09,2024,0.6063633890828173,0.6052436543830507,0.6134475400391503,0.6052642468338852,0.5889780346551695,0.5990444895187983,0.6087517345312287,0.5964993746299146,0.6050199346341519
2024-01-10,2024,0.6009636440198237,0.5999327596492402,0.6082678517648632,0.6001536547823293,0.5837007001706388,0.5939773375122241,0.6034026798501977,0.5913370758232257,0.5997176892737118
2024-01-11,2024,0.6181823654202867,0.6174228072807748,0.6254354042338269,0.6170921948153456,0.600438000207656,0.6107718999133854,0.6215490743275596,0.6090554722132359,0.617724554632773
2024-01-12,2024,0.6062951418476998,0.6053510682587713,0.6133648924728642,0.6051827017730679,0.5888576092514366,0.598963637591198,0.6090445246634013,0.5966873333384125,0.6052699269459982
2024-01-15,2024,0.6040750418810169,0.6032115129136079,0.6111062997813956,0.6029542383510464,0.5866749633542622,0.5967541161137334,0.6068092344991726,0.5944755948130577,0.6030378357563146
2024-01-16,2024,0.6055504557245774,0.6047160041524531,0.6125086636861394,0.6043378949429983,0.588086120963292,0.5981260116212576,0.6083191442850974,0.5959069818710115,0.6045973285219808
2024-01-17,2024,0.5898073418561997,0.5890273733140511,0.5969517469889605,0.5889885050551937,0.5729406545920015,0.5829070915851734,0.5920087914624165,0.5798413435533106,0.5883133404485137
2024-01-18,2024,0.6032399928523822,0.6023534308911712,0.6104259450157278,0.6022829594103966,0.5860446813372502,0.5960885430457267,0.6061860259371873,0.593796375298216,0.6024461730111701
2024-01-19,2024,0.5967299323270461,0.5958407843182619,0.603871001238439,0.5958154575468371,0.5796872148467384,0.5896760149638813,0.5994164573671094,0.5871560904947416,0.5957091380537113
2024-01-22,2024,0.5770516897860029,0.576212244101836,0.5842418736552077,0.5764481794224314,0.5606540231423341,0.570473358751069,0.5788810938963153,0.5670928210194751,0.5753207549177934
2024-01-23,2024,0.5892917941648953,0.5884766538784935,0.5963249478462462,0.5883700673139537,0.5725174485171927,0.5822939105662518,0.5916593181406781,0.5793283642261737,0.5879929922311093
2024-01-24,2024,0.5904453931972202,0.5895387725790727,0.5974086227353904,0.5894392861513931,0.573641031158066,0.5833540410409486,0.5929154517667948,0.5804712152432727,0.5891682109229668
2024-01-25,2024,0.6076115680429416,0.6064015274340241,0.6141602926508022,0.6059674914383756,0.5903464796410217,0.5997417565424243,0.6106867457348961,0.5977179581027661,0.6067392011769406
2024-01-26,2024,0.5957338495666696,0.5945794934445214,0.6023449965745308,0.594309809543902,0.5787563471630479,0.588183164972667,0.5982416382298263,0.5853231709869235,0.594296683531664
2024-01-29,2024,0.5739254596522544,0.5725945096664519,0.5802701622097595,0.5725294499797845,0.5575410019824424,0.5665879385183027,0.5752219391274619,0.5626722474027342,0.5712725837351946
2024-01-30,2024,0.5606413952470415,0.5592604174643921,0.5669189437616261,0.5593563346750782,0.5445995371177711,0.5535267947260188,0.5612032916080995,0.5489321657922291,0.5573610821427918
2024-01-31,2024,0.5319970732727769,0.5305956470248578,0.5379734219516509,0.5313720268839632,0.5167452441835854,0.5257803536198139,0.5315107298023278,0.5198913863216982,0.5278304836269863
2024-02-01,2024,0.5401304598065034,0.5386396237585347,0.5461416462228458,0.5392929879115342,0.524573611641879,0.5336339864592092,0.5399620663926987,0.5281238172625385,0.5362366633815487
2024-02-02,2024,0.5189721530745975,0.5175155930016994,0.5244734378842023,0.5185616240097731,0.5039059575056422,0.5130788392014968,0.5177375734375239,0.5064680240344875,0.5142189836927417
2024-02-05,2024,0.4976495498425792,0.49611898839669916,0.5029368044710864,0.4977219682672464,0.4831893928699272,0.49241632058393114,0.49552846367642284,0.48494595273460983,0.49223581631294994
2024-02-06,2024,0.5336143842037568,0.5320468293039504,0.5389433737895852,0.5326382585883376,0.5179885595081146,0.5270358223515935,0.5326688371241249,0.5212749449115074,0.5291048987429525
2024-02-07,2024,0.550486819156538,0.5486573775388075,0.555736036897875,0.54891008620411,0.5343221507068789,0.5431693393926936,0.5501276966627356,0.538237085505937,0.5463657812538457
2024-02-08,2024,0.565620971808241,0.5638597810693428,0.5709266595812734,0.5637251928534379,0.548971157217342,0.5578585175991396,0.5658370288498833,0.5534472976174398,0.561958286832084
2024-02-19,2024,0.5795877007057875,0.5779964162834504,0.5850283179312854,0.5778866342952526,0.5624703245959944,0.5718995867539406,0.5802640221507237,0.5678865416957671,0.5764103100064552
2024-02-20,2024,0.5798000244904851,0.5780510605156216,0.5849450091844689,0.5779133810752007,0.5625986218067535,0.5719261061861934,0.5803761578513482,0.5678832108923597,0.5764546046409168
2024-02-21,2024,0.5838354691777045,0.5818044222814136,0.5887163829292396,0.5812025826483365,0.5664875621247475,0.5751873495378844,0.5846774644416972,0.5714944396455328,0.5805055069784804
2024-02-22,2024,0.5951906986014844,0.5933523776751221,0.600441097272861,0.5927004362236076,0.5774585462655498,0.586587471329545,0.5966384519336185,0.5833374892263593,0.592417440290143
2024-02-23,2024,0.605854178611475,0.6039316584386129,0.6110074233274158,0.6029105301984483,0.5878126973047071,0.5967107794805395,0.6076256737443018,0.5938963863110506,0.6033521909573909
2024-02-26,2024,0.6121685547748491,0.6103590955203824,0.6175240186339478,0.6090733797147936,0.5939376107611658,0.6028212447608695,0.614310073779268,0.6002175810410038,0.6099104633692745
2024-02-27,2024,0.6375767419854984,0.6359609352320684,0.6438297472120411,0.6345793700175423,0.6186216679906752,0.6281104340834424,0.6407693660521392,0.6265431337414542,0.6363882770832383
2024-02-28,2024,0.6158829849470949,0.6144025823275744,0.6220656676965055,0.6136607786561443,0.5976782374581304,0.6073696507999593,0.618298948933305,0.6050304125313849,0.6141792570581193
2024-02-29,2024,0.6427377176325788,0.6416699234338396,0.649589951991922,0.6402314212729265,0.6237488509595902,0.6337144428892832,0.6463899786929804,0.632689182659391,0.6422092745847274
2024-03-01,2024,0.6647972593924341,0.6640217742765914,0.6725778766690232,0.6628976863777657,0.6450665036512488,0.6561880446850985,0.6693739947708656,0.6559766218664508,0.6653035122957215
2024-03-04,2024,0.6722922874670578,0.6713431039695189,0.6801232688806856,0.6703000208185377,0.6522789870904414,0.6635274592649554,0.6769829724500456,0.6635751775769143,0.6728226698897068
2024-03-05,2024,0.6646249238121867,0.6634934726457374,0.6717163584380563,0.6618956606704403,0.6447907892472379,0.6551945361987446,0.6689578356929522,0.6548081411482168,0.6645956360039631
2024-03-06,2024,0.6654116009013252,0.6647536422831258,0.6730863244968156,0.6632179953766572,0.6455109584193427,0.6565056310567131,0.6700160709366769,0.6562438310171336,0.6658352302153865
2024-03-07,2024,0.6484387694239644,0.6481358690090051,0.6558024042545212,0.6467935154070346,0.6289716913353446,0.6402207592071452,0.652511145892015,0.638984694827624,0.6484289798213384
2024-03-08,2024,0.6531684027488284,0.6530457796083267,0.6607360068258845,0.6519895666823272,0.6335585036397482,0.6453726440338445,0.6573890474965979,0.6441362762133179,0.6534342089166263
2024-03-11,2024,0.6734011621757964,0.6728494932867661,0.6809787099412242,0.6714155572505215,0.6529622240971793,0.6646335136345292,0.6783520067326756,0.6645476941284574,0.6742132176430298
2024-03-12,2024,0.6764636868790292,0.6754246954242082,0.6840518770460094,0.673146921981799,0.6558701278891669,0.6663501617613414,0.6815930754773047,0.6665521976049887,0.6770394423421182
2024-03-13,2024,0.6791730621785165,0.677795689352104,0.6869055322147383,0.6746845356485743,0.6584384011638743,0.6678747057081752,0.6843437744441236,0.6681331594475866,0.6793809493872159
2024-03-14,2024,0.6692226819863617,0.6675945538708288,0.6761996970682927,0.6650419952970236,0.6487369669623109,0.6583141269732794,0.6735583408560909,0.6580796449316674,0.6688010943836906
2024-03-15,2024,0.6740825270925157,0.672712962428218,0.6812709517356121,0.6702373942118299,0.6534417400045216,0.6634653649845582,0.678677476398218,0.6633026378733841,0.6739465140678682
2024-03-18,2024,0.692824041483165,0.6910182599738383,0.7003605560061271,0.6883573590859704,0.6714904475654595,0.6814313101127945,0.6981956768627547,0.6820176768773177,0.6933070361171702
2024-03-19,2024,0.6828309947133149,0.6811002836278772,0.6901492838963381,0.6788876942633528,0.6617870916561416,0.6720421374644117,0.6877201820400551,0.6720169998316053,0.6829534992709115
2024-03-20,2024,0.6909599517668991,0.689202568777973,0.698523135312453,0.6872105093506327,0.6696381163381403,0.6802942086030219,0.6963038395991386,0.680529882245467,0.6914982572650584
2024-03-21,2024,0.6881729099034317,0.6862902918527009,0.6960694943645491,0.6840954880274034,0.6668608272270834,0.6772056649686856,0.6933386465584795,0.6771962983957602,0.6883451764169086
2024-03-22,2024,0.679207714920505,0.6775209816854696,0.6868678449245119,0.6761105956721513,0.658187110505696,0.6692886442180515,0.6840893470791308,0.6688040566934164,0.6793715076497886
2024-03-25,2024,0.6622941230941889,0.6608257145985164,0.6695336749619153,0.6590696350427481,0.6417963999018834,0.6523925317958241,0.6663550408186427,0.6512070668509332,0.6616573762978761
2024-03-26,2024,0.6499302059755643,0.6484531857994368,0.6570036427324012,0.6461868201545522,0.6298730383105609,0.6396192208657978,0.6534586410147907,0.6378698339452087,0.6486269271621367
2024-03-27,2024,0.625348057606881,0.6237364003195062,0.6318053915425428,0.622226271844417,0.6059983744944613,0.6158623372751084,0.6279194759992852,0.6130752772579245,0.6233016049752851
2024-03-28,2024,0.6436317745347313,0.642032101583442,0.6500447176511056,0.6407219963588049,0.6237719966427377,0.6342008480857275,0.6471656532737073,0.6321958154997592,0.6424806625392262
2024-03-29,2024,0.6374428649588918,0.635732079394487,0.6438282983053248,0.6342531897742721,0.6177276557989747,0.6277870263730406,0.6406306371041014,0.6254816987314531,0.6358640908137678
2024-04-01,2024,0.6552207754454927,0.6536172974639747,0.6620669632333573,0.6514852920262317,0.6349405105812754,0.6448726557135634,0.6592636314300544,0.6434126432100777,0.654319416056864
2024-04-02,2024,0.6444758234408251,0.6428758010802684,0.6513591445453208,0.6407259105217241,0.6245632846358637,0.6342047289782523,0.6479957145715555,0.6323171219431384,0.643134140527493
2024-04-03,2024,0.6345755462121405,0.6327236167461981,0.6414163117308291,0.6305575676180221,0.6149762797949279,0.6241228170141891,0.6375403075859088,0.6218541442175535,0.6326823378967263
2024-04-08,2024,0.6283472576325694,0.6266229574974634,0.63538634529459,0.6248109240920894,0.6088886432047527,0.6184250199723317,0.631113538774616,0.6157450815391735,0.6263620902600824
2024-04-09,2024,0.6314476393415461,0.6296699092197869,0.6386413370452046,0.6274392844923599,0.611697165438363,0.6210310393027488,0.6342902948323179,0.6185532847398434,0.629408942096118
2024-04-10,2024,0.614540681302824,0.6126020630457036,0.6215442553750878,0.6108112680509366,0.5953480746052062,0.6045443610418899,0.6166434167855791,0.6012246976972071,0.6118570446928887
2024-04-11,2024,0.6192634866018811,0.6175621235051764,0.6262611040545617,0.6159577399292523,0.5998849915111741,0.6096470878966083,0.6214130214136344,0.6063377276182125,0.616817445364538
2024-04-12,2024,0.6126555346965552,0.6113202641748685,0.6196648166587139,0.6101243324586096,0.5934919450487496,0.603863264403784,0.6148314954118599,0.6002723258257667,0.6104069302362992
2024-04-15,2024,0.6108366268597809,0.6094711985786375,0.6178618170234463,0.6080635256816294,0.5917537224800276,0.6018199744894658,0.6130375080406796,0.5982388966482606,0.6084826348666891
2024-04-16,2024,0.5912564878112637,0.5902093135789612,0.5982554142150412,0.5893857925914968,0.5728165124432542,0.5833010021764428,0.5930246355122596,0.5790057784944183,0.5886933304789388
2024-04-17,2024,0.6127462572475253,0.611556141550695,0.6199311533999249,0.6105698946709168,0.5934712477966323,0.6043050393361926,0.6153440237599518,0.6009936374296195,0.6109532685113734
2024-04-18,2024,0.6097181091943195,0.6084484152314673,0.6167310528569351,0.6071058604873883,0.5905629139437432,0.6008704494517264,0.612163345803314,0.597422641513493,0.6076387099288895
2024-04-19,2024,0.5981124138397423,0.5967763383904109,0.6050083749493467,0.5960379124727472,0.579265402285437,0.5898965790223754,0.6001526584420046,0.585833862227274,0.5958122598849913
2024-04-22,2024,0.591377038969964,0.5899656154635413,0.5981442300970681,0.5892827196346235,0.572697250129364,0.5831988053399557,0.5930663176873335,0.5788817093585782,0.5887422989552221
2024-04-23,2024,0.5829040561048449,0.5815882669104638,0.589826109587851,0.5809181534762049,0.5644361604427338,0.5749053380144141,0.5843915981626356,0.5701067980054824,0.5800286242444199
2024-04-24,2024,0.5861641894131298,0.5847893752021214,0.5931869563413651,0.5843156468901063,0.5675392255766312,0.5782739527259585,0.5876578716054794,0.5733202315426554,0.5832158348661042
2024-04-25,2024,0.5830383680069389,0.5816927429036471,0.5900095012315374,0.5814106856435427,0.5644758789075834,0.5753936836571206,0.5843170440856532,0.5702576070187594,0.5799602315344845
2024-04-26,2024,0.5990888532386773,0.59761442223151,0.6061055775921407,0.5972917493278774,0.5798720112342862,0.5911397582611594,0.6009725168353142,0.5867199376857383,0.5965654324117668
2024-04-29,2024,0.6104918753677437,0.6088627213256336,0.6172089210852016,0.6080746158099005,0.5907509463789445,0.6018309703516195,0.6127323957217478,0.5980660983782317,0.6081978607401086
2024-04-30,2024,0.5993343747899905,0.597848802626929,0.606287964241421,0.5977490540289421,0.5799642971918301,0.5915931758711428,0.6010988199906337,0.5872297346675223,0.5967371707633105
2024-05-06,2024,0.6068467057772567,0.6052427755341144,0.6137460475640586,0.6046595086628626,0.5871024098491586,0.5984448916237135,0.6087863459321438,0.5944900790538706,0.604290265732705
2024-05-07,2024,0.6065413681295773,0.6051434847975926,0.6134910368453314,0.6045694829157199,0.5868554548266494,0.5983556310956427,0.608367555632933,0.5942497876127415,0.6039004262125681
2024-05-08,2024,0.5978257026530622,0.5963132033729698,0.604674511840577,0.5959159210617643,0.578419046722465,0.589775624538685,0.5993796885316125,0.5851838301320907,0.5948069486086844
2024-05-09,2024,0.6040332953929404,0.6023807116103709,0.6107136885216032,0.6014355431383809,0.5843107473440087,0.5952483298141029,0.6058686662509811,0.5910019173591606,0.6011093258121039
2024-05-10,2024,0.5951638707700271,0.5936178088254526,0.6018606597397715,0.5928994061720023,0.5757692131548369,0.5867847500328901,0.5966815201987359,0.5821686023745727,0.5920475652776576
2024-05-13,2024,0.5903993260543938,0.5886741911419566,0.5971043253590289,0.5876981360128172,0.5710813972544591,0.5816276906828242,0.591693807441927,0.5768531629220601,0.5869990899166266
2024-05-14,2024,0.5948898852619582,0.5932558404096795,0.6015915506090906,0.5923364190721181,0.57542372612166,0.5862265483247366,0.5964106719800777,0.5815937609050112,0.5917438040502605
2024-05-15,2024,0.5850559540678717,0.5833633979415012,0.591746010509631,0.5828465310744179,0.5658913197802322,0.576817324398309,0.5862055313297406,0.5717618952305262,0.5816300083656567
2024-05-16,2024,0.5859105205320916,0.5842500996590607,0.5926404753664225,0.5840188228687305,0.5667043924101179,0.577979651709493,0.58711533532986,0.5729605404861088,0.5826028851921287
2024-05-17,2024,0.5900988452191778,0.5884892007207426,0.5967813630741557,0.5878886252748871,0.57067678533947,0.5818165607856989,0.5915373621683827,0.5771568555921397,0.5869431871611738
2024-05-20,2024,0.5957355064611601,0.5941625442126258,0.602579770865077,0.5934232516426943,0.5761590648500368,0.5873041428157952,0.5974879530986962,0.5829102779404255,0.5928065241601195
2024-05-21,2024,0.5927520784170983,0.5911265917183224,0.5996607646127342,0.5902155951303759,0.5733853180501368,0.5841237513917047,0.5944305362171338,0.5795133903154894,0.5896698159343029
2024-05-22,2024,0.5999119099886485,0.598080272667436,0.6068397900807582,0.5964723845567829,0.5803074671854249,0.5903273580926305,0.6017940728055806,0.5859504648488274,0.5967816417561453
2024-05-23,2024,0.5869953728010933,0.585197889070492,0.5938610476843632,0.5837363507780585,0.5678419016786368,0.5776995806322848,0.5883932175653489,0.5726748974462896,0.5834393453797314
2024-05-24,2024,0.5771219949075902,0.5752885398814773,0.5839075151799937,0.574063712965365,0.5582504098168858,0.5681091602647401,0.5780543129393835,0.5625636621680047,0.5731698930891408
2024-05-27,2024,0.5791243329837283,0.5775126009094328,0.585878355492875,0.5765738721690793,0.5601534358691568,0.5705979831090618,0.5802741672593409,0.5651468374398371,0.5755249020429631
2024-05-28,2024,0.5695903898933412,0.5679190062697786,0.5762169277238798,0.5671196030539442,0.550876270510577,0.5612240753046099,0.5703117228942748,0.5554269742437665,0.5656177595660459
2024-05-29,2024,0.5721401097852538,0.5704859831403045,0.5786909925383643,0.5695088341942683,0.5533609763366136,0.5635929979743773,0.5729331810502007,0.5578635165518793,0.5682415945834076
2024-05-30,2024,0.573836978071407,0.5720555888534915,0.5804975429599704,0.5710690359739912,0.554965591427395,0.5651399380351431,0.5745701006158204,0.5593775029918375,0.5698870507180088
2024-05-31,2024,0.5758036522775702,0.5741966476846357,0.582473365944049,0.5733466064985223,0.5568653152772999,0.5673981492046255,0.5767385620587763,0.5617263248319573,0.5721022979121841
2024-06-03,2024,0.5742295414449897,0.572867499521161,0.580846729603431,0.5720646855244463,0.5553421805805809,0.5661271245619756,0.5751895483084076,0.5604025724917683,0.5706597874601106
2024-06-04,2024,0.5769155476664289,0.5753699022680141,0.5836492261277796,0.5743349994436323,0.5579394029445731,0.5683781408072762,0.5780611182934839,0.5628870394654112,0.573352256516534
2024-06-05,2024,0.5735364192378419,0.571969476978782,0.5802861710312947,0.5711490208702817,0.5546491106110485,0.565219243059619,0.574538657555389,0.559591396333491,0.5698650232537897
2024-06-06,2024,0.5657252193948732,0.5643141084639981,0.5721857274671583,0.5640107124706036,0.5470572607136983,0.5581416102988587,0.566575403193263,0.552235298506809,0.5621038757493834
2024-06-07,2024,0.5615167470948895,0.5601380067395122,0.5681239370787056,0.5597823625341096,0.5429657119713128,0.553949201347203,0.5622657214682218,0.5479036686223787,0.5577730285561875
2024-06-11,2024,0.5644813473778592,0.5630415362287962,0.5711415980779727,0.5626155380327342,0.545866477887472,0.5567582948471353,0.5653486901690041,0.5507333066879841,0.5607378194489098
2024-06-12,2024,0.568128271235015,0.5666106877619362,0.5747415012640182,0.5658985617520624,0.5494071343568696,0.5600134128567913,0.5691898251166082,0.55422746590132,0.5644746012218714
2024-06-13,2024,0.5649499598628022,0.563455987289115,0.5714307554765129,0.5629209145000887,0.5463063538339431,0.5570610756137678,0.5659234997901377,0.5511383153089406,0.5612805846578323
2024-06-14,2024,0.569225562003217,0.5678004368411764,0.57577567191182,0.5673760685412738,0.5504533496525287,0.5614783608346678,0.5703690458982735,0.5556451087374766,0.5657770529467554
2024-06-17,2024,0.5725210362957217,0.5714364255145825,0.5791248818880007,0.5706799547489614,0.5536647776420178,0.5647541640014812,0.573933782086266,0.5591110995249535,0.5693633097959213
2024-06-18,2024,0.5797016451672863,0.5785802542860008,0.5864584384695639,0.5784219080590258,0.5606257926720764,0.5724303106894079,0.5815600045107083,0.5671061204278423,0.5771735143156178
2024-06-19,2024,0.5746711846780405,0.5736224353978522,0.5814165534413998,0.5739124270541875,0.5557793149235629,0.5679591602841789,0.576372238653768,0.5622791574432005,0.572086512519618
2024-06-20,2024,0.560578409603791,0.5597083059609349,0.5673144653240432,0.5606327551876097,0.5421495218803717,0.5547923656610612,0.561838432179666,0.5485231282725364,0.5578122994487179
2024-06-21,2024,0.5621479517581832,0.5612861718988065,0.5689566506909516,0.5622479455128313,0.5436852343337151,0.5563938268645539,0.5634946579273794,0.5500563908268037,0.5594319721991414
2024-06-24,2024,0.5449980905725033,0.5442376700789359,0.551602684983278,0.5450854696956003,0.5269916751853168,0.5393772321338937,0.5456981156675498,0.5324145994993015,0.5416640531743387
2024-06-25,2024,0.531499606856336,0.5309124267972579,0.5380641124600214,0.531494536300826,0.5138666922207558,0.5259018217063327,0.5316321985688878,0.5182838565168074,0.5275388336512539
2024-06-26,2024,0.5536311026024352,0.553122543234601,0.5603196402514496,0.5531046991081859,0.5349954912008463,0.5473282980767895,0.5546331878173295,0.5406685907049282,0.5503682444414973
2024-06-27,2024,0.5428003549598845,0.542355251320667,0.5495450753888804,0.5428088458237845,0.5245484511606328,0.537119959570576,0.5434742867963976,0.5299357061313958,0.5393252291536613
2024-06-28,2024,0.547577914557255,0.5475566544503221,0.554409307820361,0.548024546196932,0.5291449558716965,0.54229132647775,0.548610862082533,0.5353295915962271,0.5445849571716678
2024-07-01,2024,0.5514753264406222,0.5515043512882203,0.5583482908295601,0.5519261968420414,0.5328113239536084,0.5461598130827997,0.5525960303057043,0.5392920291912828,0.5486089726508947
2024-07-02,2024,0.5486543785797241,0.5484590424760518,0.5555812635339096,0.5488126824715358,0.5300554040558398,0.5430727635920853,0.5496899770133654,0.5360193686573075,0.5455282031879161
2024-07-03,2024,0.5478486823974966,0.5475837272478263,0.5548277425307601,0.5481018052493529,0.5293121335174318,0.5423679288280358,0.548845546147336,0.5355810249307745,0.5447811003333992
2024-07-04,2024,0.5358261434149606,0.5356719937270156,0.5428652676684463,0.5366683266068937,0.5176884655903954,0.5310316347821001,0.5364527784584281,0.5235794418465485,0.5325331484987025
2024-07-05,2024,0.5422793902530922,0.5421515792658108,0.5494306820112158,0.5431591836532302,0.5238963948891585,0.5374673195276115,0.5431219253183688,0.5302579463558401,0.5391955905903354
2024-07-08,2024,0.5302343302536243,0.530402997856449,0.5377787900912003,0.5321072445649289,0.5121735521503583,0.5265093219486868,0.5307753832133449,0.5186480078511447,0.5271109261885756
2024-07-09,2024,0.5421611711196818,0.5423816464993497,0.549588836394061,0.5438991104878788,0.5235868232714526,0.5382009569823493,0.5432032344755698,0.5307887853247214,0.5394243105068803
2024-07-10,2024,0.5443920683212787,0.5443848085588378,0.5521486034288816,0.5458013740958153,0.525778939556482,0.5400870513449495,0.5455031861238745,0.5326684491785707,0.5416063309665481
2024-07-11,2024,0.5581561480801607,0.5580472950742068,0.5659362671450591,0.5586941505286408,0.5391284484163325,0.5528702391464515,0.559641636026666,0.5462416045642285,0.5555522028804887
2024-07-12,2024,0.552698470185285,0.5523379613556529,0.5603447255059452,0.553028693265258,0.533820692309081,0.547252938283713,0.5539267992239572,0.5404048659274564,0.5497718572100904
2024-07-15,2024,0.5482028444263247,0.5476892557169025,0.555861260330053,0.5487718845240664,0.5294873309100049,0.5430323124272695,0.5491633246987979,0.5358482441404598,0.5450705205411468
2024-07-16,2024,0.5607236711324797,0.5602524047070663,0.5686418799805468,0.5609653435625304,0.5416257774285884,0.5551221270339787,0.5621117101429792,0.5484192471930495,0.5579492826153414
2024-07-17,2024,0.5596262389082727,0.5590133331024422,0.5673029894067108,0.5598306146850327,0.5404384317234169,0.5539970433547249,0.5607977925939227,0.5474462271389617,0.5567190322044496
2024-07-18,2024,0.5594279160572666,0.5589229610001932,0.5672130688545913,0.559727417779667,0.5401762326823605,0.5538947236233077,0.5607033817421689,0.5473656915055509,0.5566149358210721
2024-07-19,2024,0.5631970004991976,0.5624169219560123,0.5709856994608072,0.5626726603965728,0.5438825907665528,0.5568149316707411,0.564549203243679,0.5504621872005775,0.5601625756809527
2024-07-22,2024,0.5734415082531055,0.5725763752282094,0.5813094846614358,0.572628516442599,0.5537021869219187,0.5666861629159402,0.5751482356466902,0.560603391244946,0.5706093826902319
2024-07-23,2024,0.5541854679279418,0.5534643666021823,0.5618634511906526,0.554091164805565,0.5350096214115599,0.5483063788133198,0.5553071888383636,0.5413802078032822,0.5509804318423143
2024-07-24,2024,0.544632815457132,0.5439935347799452,0.5524138458281461,0.5450178220257305,0.5257566666956789,0.5393101594693835,0.5455500386330102,0.5319512211745159,0.5412952028432276
2024-07-25,2024,0.5470655686682074,0.5462398353972688,0.5548708455731439,0.5468532382546114,0.528110914888192,0.541129974655814,0.5479944377107921,0.5339668223842932,0.5436182467756029
2024-07-26,2024,0.5509812856392186,0.5500860498546568,0.5587051438689822,0.5505519786939872,0.5318829522416906,0.5447972757923769,0.5520602968470959,0.5378170550722495,0.5476218457216429
2024-07-29,2024,0.5461514903506508,0.5453273486551369,0.5535061821822371,0.5461961155365194,0.5271839631186993,0.5404784374824387,0.547036441953462,0.5332036870811134,0.5427885778436606
2024-07-30,2024,0.5427182664344783,0.5416619393714935,0.5500608233333417,0.5423933823119841,0.5238009385165625,0.5367080274996456,0.5433655509544726,0.52938259840073,0.5390150779272708
2024-07-31,2024,0.5646969235511599,0.5632396745564379,0.572098327445373,0.5633230246600243,0.5450954257886833,0.557459767836357,0.5660722644262086,0.551254312032658,0.5614217536288342
2024-08-01,2024,0.5603194284126628,0.5588607452112767,0.5678611057343765,0.5591100871615525,0.5408598818590722,0.5532826403169626,0.5615153299794754,0.5468317407360149,0.5568845013173325
2024-08-02,2024,0.5536823732011619,0.5523629423967888,0.5612750930839693,0.5529441128384767,0.5344248940738798,0.5471690767907669,0.5546039979277259,0.5404602720513074,0.5501389827898758
2024-08-05,2024,0.5396553534297046,0.5383341331190874,0.5470486380638467,0.5391312350880271,0.5208841853412817,0.5334736085350988,0.5401536817102388,0.5262737791380151,0.5357216970010732
2024-08-06,2024,0.5476510414293574,0.5461470404031209,0.5551328835161458,0.5467454010953673,0.5285821367606695,0.5410230541126884,0.5483402354708212,0.5341778624274631,0.543801837159948
2024-08-07,2024,0.5452781230655682,0.5439213887142168,0.5524669044409394,0.5445933290863199,0.5262772258872833,0.5388892747209999,0.5458373571123304,0.5318340734726681,0.5414307920241005
2024-08-08,2024,0.5424281492426604,0.5410773604603795,0.5496385394274941,0.5422263173441672,0.5235049564564105,0.5365423825844652,0.5429229881667917,0.5292908476085796,0.5386047220541244
2024-08-09,2024,0.5361971620264168,0.5350971874103654,0.5433177130641754,0.5364608075529638,0.5175145048237675,0.530825879640638,0.5365687111254906,0.5232714627268324,0.532386048263074
2024-08-12,2024,0.5369597227183216,0.5359174799977401,0.5440527735476006,0.5379377125528617,0.5181660393587931,0.5322902309444117,0.5373299642996962,0.5246866674902512,0.5333368044624531
2024-08-13,2024,0.5387283463608331,0.5376708172658768,0.5458848188435635,0.5394663236449226,0.5198255073152158,0.5338058488384383,0.5392211368509378,0.5262910295789512,0.5351597439076725
2024-08-14,2024,0.5322153386290053,0.5311234546858626,0.5392778930529835,0.533070998945594,0.5135383181017591,0.5274648844147508,0.5323981976825769,0.5195674456113075,0.5283805296541039
2024-08-15,2024,0.5374809482162446,0.5365102523857291,0.5445500408126261,0.5383275240379889,0.5186573238318999,0.5326767290309588,0.5379803881543895,0.525006743650058,0.5339279770349309
2024-08-16,2024,0.5391308852737559,0.5385265171636826,0.5461960497427814,0.5406064997324831,0.5202687698374641,0.5349363334264561,0.5399086965139529,0.5273635974172388,0.5359917711855753
2024-08-19,2024,0.5404259444591341,0.5400100209939721,0.5474020231946134,0.5422263369149818,0.5215209512983298,0.5365424019889279,0.541432564874736,0.529043559832327,0.5375452975037939
2024-08-20,2024,0.5309423091763593,0.5306041572322511,0.5379031731062109,0.5331799888120802,0.512388701751332,0.5275729478671044,0.5316101136850357,0.5196569520043929,0.5278762541798244
2024-08-21,2024,0.5292846246792147,0.5290984329832583,0.5362660173833562,0.5320105347858839,0.5108143577803868,0.5264134342030011,0.529958604355776,0.5184357695127192,0.5263943811881538
2024-08-22,2024,0.5148330210260983,0.5144814353993419,0.5217739914364561,0.5178274741175453,0.49673490092809314,0.5123509295851547,0.5148646980818637,0.5036248191566688,0.5113170538612724
2024-08-23,2024,0.5179955058523465,0.5179435152602612,0.5250166734157174,0.5214280153607769,0.4997953890569457,0.5159208662189816,0.5183846447912497,0.5073388562678485,0.5149055414584892
2024-08-26,2024,0.5219948092141217,0.5217498541086084,0.5291279534593045,0.525177241978206,0.5035657027766939,0.5196382244009604,0.5224088070159892,0.5111459296627432,0.5188139235626894
2024-08-27,2024,0.512818534379763,0.5124134134361241,0.5199829142962706,0.5159571963721582,0.494850732422757,0.510496549205194,0.5128410966134549,0.5015683948853988,0.509192782107436
2024-08-28,2024,0.5094432237706085,0.5086624352084321,0.5163585606542153,0.5122389960194688,0.4914412063879549,0.5068099535646285,0.5090969537163389,0.49775917634914246,0.5053808221075727
2024-08-29,2024,0.5153502020635456,0.5142471931544719,0.5221069765852413,0.5173454977707742,0.4970592696710995,0.5118730500385142,0.5150468942218015,0.5029928287080846,0.5111038054390272
2024-08-30,2024,0.5317065543356809,0.5306072245676686,0.5382494744308762,0.5333170177601726,0.5128824791704787,0.5277088120688016,0.5318976270532614,0.5195395032361182,0.5279374406469143
2024-09-02,2024,0.5162892088329617,0.5154047585573298,0.522878792453664,0.5185050228703655,0.4980561438370846,0.5130227191719129,0.5160885961637356,0.5041266072067,0.5122384125133133
2024-09-03,2024,0.5283150195685301,0.5272432766133258,0.5351105198633274,0.5300007367032407,0.5095478744388382,0.5244207194089932,0.528404289817014,0.5159569527400045,0.5243810076095161
2024-09-04,2024,0.5275732833025578,0.5264320845490118,0.5344976385707756,0.5291145571711147,0.5087731059037822,0.5235420724050655,0.5276256770076678,0.5150178754913098,0.5235133924182921
2024-09-05,2024,0.5330816090749544,0.5318839453305757,0.5397759882037924,0.5342443481917895,0.5140030872750864,0.5286282601894738,0.533380557138095,0.5203777623303629,0.5291586487920747
2024-09-06,2024,0.5261806841956246,0.5251240120905184,0.5328493485677906,0.5278457290720037,0.5072403889800857,0.5222840293479112,0.5261408256555911,0.5136394208797652,0.5221405012615081
2024-09-09,2024,0.5235366942599274,0.5225606325622054,0.5301211590164894,0.5252925532178069,0.5046916480485045,0.5197525554947418,0.5234568527667032,0.511000245241691,0.5194881556988792
2024-09-10,2024,0.5273323810851787,0.526378666884828,0.5339696273352899,0.529406018789291,0.5083068733439912,0.523831056598772,0.527406242320779,0.5150526670281931,0.5234553382154052
2024-09-11,2024,0.5315042510228704,0.5300880587890988,0.5382031398235116,0.5322950037275392,0.5122452312959671,0.5266954851579543,0.5316732926175457,0.5182344143055738,0.5273408697603517
2024-09-12,2024,0.5297090655447917,0.528207987826541,0.5364621853692066,0.5300444187614193,0.5105637414700717,0.5244640301695702,0.5298315852286389,0.5159564988814949,0.5253518190402413
2024-09-13,2024,0.5243230781692102,0.5230135940870694,0.5308937493903307,0.5253095406848766,0.5053186349098608,0.5197693985682994,0.524266401596855,0.5110083695607703,0.5199705834029329
2024-09-18,2024,0.5232353283467592,0.521933669048359,0.5299698024936937,0.5243486658770417,0.5042391591684551,0.5188166911986897,0.5231729145206878,0.5099696393813891,0.5188408733479869
2024-09-19,2024,0.5321194066660243,0.5306446662328299,0.5390380257027186,0.5323368004639117,0.512788307812122,0.5267369266219651,0.5324125155568746,0.518342226551225,0.5278067275189742
2024-09-20,2024,0.5349476832596012,0.5335814614628561,0.5421166541586838,0.5357098695011973,0.5155250826245515,0.5300813245641546,0.5353368969486635,0.5216516270786817,0.5308293232277013
2024-09-23,2024,0.536159385782843,0.5349105221287374,0.5433356065843253,0.5370710066091536,0.516738068172668,0.5314308920033526,0.5367232241140771,0.5230616221176221,0.5322344268608242
2024-09-24,2024,0.5513135901905146,0.5496711845269454,0.558479298673684,0.5505882159760903,0.531367655937192,0.5448332050574933,0.5524231352348955,0.5372633994449963,0.5474851253102342
2024-09-25,2024,0.557081628046615,0.5553120124239235,0.5642875845017276,0.5561508155615603,0.5368530225557187,0.5503485225328337,0.5582904429534976,0.5430374914348687,0.5532755728870985
2024-09-26,2024,0.5739205884562963,0.5719774222288143,0.5815286404102437,0.5721404776960894,0.5531790358127556,0.5662022724999738,0.5758542118052058,0.5598486238238878,0.5705886117796973
2024-09-27,2024,0.6091164995069464,0.6067794048122442,0.6179711194405572,0.6051353837233834,0.5871973179534341,0.5989167217450522,0.6126145260618754,0.5943600452704069,0.6066057821647151
2024-09-30,2024,0.6660224098182348,0.6634123384176766,0.6762075435109594,0.6603253418288791,0.6421250584814785,0.653637565071191,0.6717927467762425,0.6517299505063938,0.6651772153296581
2024-10-08,2024,0.7180233147586011,0.7150919314206042,0.7297272577497992,0.7100605485845397,0.6923715941446209,0.7029500224473567,0.7257264354251263,0.7036298541244552,0.7184632475998876
2024-10-09,2024,0.6838192881198868,0.6810474744620658,0.6953989894185547,0.6785219916782126,0.6591367428865206,0.6716795433521429,0.6898587277481193,0.6705838598901085,0.6833663926684818
2024-10-10,2024,0.6707182068052461,0.66794714988063,0.6803965519376871,0.6650752959562661,0.6464173651695448,0.6583471445768367,0.6761511845754438,0.6566263521057398,0.6697127002256266
2024-10-11,2024,0.645911502734913,0.6436141383776337,0.655246593373761,0.6418853028056225,0.6226186602091088,0.6353542664248918,0.6504662039440984,0.6324178415161128,0.6445409638324571
2024-10-14,2024,0.663750135777032,0.66144068040789,0.6737145623215034,0.6603788353887754,0.6398204685239164,0.653690603935697,0.6689220278204174,0.6512566536331864,0.6631109470007831
2024-10-15,2024,0.6520822191971876,0.6497499601819469,0.6621402599367171,0.6487110092887364,0.6284843427376502,0.642121954386146,0.6568929704274926,0.6389339512318384,0.6509682968181655
2024-10-16,2024,0.6457862101933193,0.6437942084866817,0.6554577942705514,0.6430498315101454,0.6223595446809834,0.6365088966325682,0.6504427005401661,0.6329190475853006,0.6446878946597805
2024-10-17,2024,0.6532871099537345,0.6516349543639754,0.6642219670009174,0.6519539976450057,0.629645203023624,0.6453373773334274,0.6583021371146207,0.6419101404524253,0.6529061323580677
2024-10-18,2024,0.6779895637076486,0.6762707216101187,0.6888744577186775,0.6764201449030239,0.6533470102317973,0.669595562279702,0.6841725483187121,0.6673587281998765,0.6786414929426744
2024-10-21,2024,0.6897797848613532,0.6882606959102734,0.7008186839983551,0.6887194820484535,0.6645395159465284,0.6817903550292075,0.6961388747142453,0.6798822934536356,0.6908046638842091
2024-10-22,2024,0.7045775769888354,0.7027136927160147,0.7158023571757731,0.7025390996425309,0.6784534454896058,0.695492505839816,0.7112744453980463,0.6940340010966414,0.7057619342688087
2024-10-23,2024,0.7064879975631349,0.7044033918297375,0.7177587903648995,0.703016686231122,0.68055039582861,0.6959660329412319,0.7136020508218256,0.694777390829309,0.7076869060767194
2024-10-24,2024,0.6972659965401844,0.6954204436529888,0.7082298565623688,0.6955051792629278,0.6717032299876279,0.6885183738007038,0.7040006634043626,0.6868310563050374,0.698473522372763
2024-10-25,2024,0.7060182490174721,0.7039006578470564,0.7173045593405906,0.702294333987981,0.680083029845155,0.6952498206939305,0.7131458021462769,0.6940634444757077,0.7070077352487523
2024-10-28,2024,0.7188753045981573,0.716610222736003,0.7305070121694089,0.7147863784211343,0.6924745359288528,0.7076356827187412,0.7266280581281719,0.7070994415494767,0.7202872347408412
2024-10-29,2024,0.7215956526229058,0.7192419402441717,0.7331457836657937,0.7182845506289236,0.6948555267613826,0.7111041204541781,0.7294749315470851,0.7108525205267491,0.7233764123429739
2024-10-30,2024,0.7261330804876808,0.7244694366607335,0.737619992314262,0.7252923244002261,0.6992276088514389,0.7180523281312243,0.7341559848564775,0.7177298038338901,0.7287917012275791
2024-10-31,2024,0.751432694143368,0.7502949466522262,0.764194821368183,0.7520331809151566,0.7234856549552401,0.7445658873001445,0.7605554446301998,0.7451026166267503,0.7555743374138675
2024-11-01,2024,0.7317260235816005,0.7300488445228892,0.7433253191101291,0.7301601209259014,0.7046537871353201,0.722878748374484,0.7401439289955508,0.722931431472791,0.7345151797114875
2024-11-04,2024,0.7490772376189735,0.7472816770148701,0.7607890804566625,0.7468678492951751,0.7215185208940557,0.7394444610116108,0.7583962140386973,0.7404126309661212,0.7526274407652629
2024-11-05,2024,0.7833110378816157,0.7827391448450405,0.796120584453736,0.7829576839427133,0.754627712392048,0.7752275319760648,0.7943999350903795,0.7778914088400593,0.7890808486649266
2024-11-06,2024,0.784901353785103,0.7840251319194684,0.7970958257359129,0.783625479278365,0.7560612264761172,0.7758896510497245,0.7958963698741363,0.7786560097159939,0.7903048027632209
2024-11-07,2024,0.7967520928538719,0.7951086362060659,0.8082215105190922,0.7937160281940471,0.7671135235497841,0.7858944302748568,0.8080402912483594,0.7895617973151503,0.801919079200818
2024-11-08,2024,0.8135405931887145,0.8115956519129768,0.8252469091740438,0.8105394461720037,0.7833601260514776,0.8025748491587089,0.8252966042780188,0.8066622836205433,0.818970694230866
2024-11-11,2024,0.8557242764996014,0.8534244412944973,0.8687968871626142,0.8519466841925408,0.8235824498614093,0.8436301255544401,0.8693199565351339,0.8493893142908177,0.8627207076325383
2024-11-12,2024,0.8575373407242189,0.8541369528131271,0.8689383797960962,0.8510423559916794,0.8251090045008644,0.8427334841455054,0.8704969606004171,0.8484287325904993,0.8631455386383269
2024-11-13,2024,0.8616844940298498,0.8581716668352903,0.8733398585862325,0.8534835541683613,0.8291242818645981,0.8451539321316939,0.8757214663825623,0.851138593078048,0.8677574285882748
2024-11-14,2024,0.8267006001843522,0.8241489809278814,0.8366225201976726,0.8206793526820977,0.7952457761025249,0.8126285664385791,0.8388578526783843,0.8168925779135391,0.8317218993317083
2024-11-15,2024,0.8040974541475969,0.8024102639264754,0.8130382106822504,0.7988348856529676,0.773383021818104,0.7909697774328126,0.8148057891378123,0.7940194396638788,0.8082364702122866
2024-11-18,2024,0.7790047144544358,0.7770327113238076,0.787621587054036,0.7737574700954563,0.7494510303601556,0.7661055199690908,0.7884050824430677,0.7680980913539744,0.781955544810825
2024-11-19,2024,0.7910459828651321,0.7885044256194659,0.7997152401335588,0.7838676224437591,0.7612494435706018,0.7761297359976183,0.8011721876358361,0.7789085567326716,0.7939766335630758
2024-11-20,2024,0.8000648807100748,0.797823827745813,0.8087932488144323,0.7935204831382067,0.7699132322423183,0.7857005473524711,0.810748074818958,0.7887956320510244,0.8037575419924923
2024-11-21,2024,0.8091786592399249,0.807542369884688,0.8178527444404571,0.8039745729822234,0.7785840452493059,0.7960657774071545,0.8202526356055113,0.7994279469815393,0.8136605707719536
2024-11-22,2024,0.7808598618979198,0.7796338088624774,0.7890325463056734,0.7771367887462026,0.7513156196600119,0.7694561144030115,0.7903249716809914,0.7713782451904372,0.7844243654284881
2024-11-25,2024,0.7791244186475464,0.7788986424571291,0.7878510166980461,0.7785930530603062,0.7496134028164323,0.770900000466871,0.7884626461053292,0.7728056219852181,0.7837007000407908
2024-11-26,2024,0.7609049579434018,0.7597739908584967,0.7690067104042688,0.7575969547495022,0.7319947223549175,0.7500823690432424,0.76950344515184,0.7512929916572566,0.7638452847364667
2024-11-27,2024,0.7750101227884997,0.7736481664504649,0.7835275572104842,0.7704640151319484,0.7454566316657878,0.7628400593808562,0.7842987615627031,0.7647074916023054,0.7781939953813972
2024-11-28,2024,0.7678159005461354,0.7658855989911597,0.7767005753663682,0.7621577893890048,0.7384404480083925,0.7546044365771147,0.7769550478796395,0.7562560003644611,0.7703957124795018
2024-11-29,2024,0.7822825788673623,0.780978879783996,0.791276379498261,0.7779455133349251,0.7524602603302332,0.7702579648307452,0.7922556512824035,0.7726249935826583,0.786124602996993
2024-12-02,2024,0.7916972409443044,0.7902924281565885,0.800429736312366,0.7866587270317702,0.7615067236479773,0.7788971161897809,0.8024213602614579,0.7818064614659903,0.7960999950309291
2024-12-03,2024,0.7783146774029459,0.7766571289140479,0.7867684770899692,0.771963061063923,0.7486670270018447,0.7643263634187297,0.7885728305045069,0.7666992697866728,0.7818399757151
2024-12-04,2024,0.7704008606747654,0.7686114166035645,0.7787389420468077,0.764372063970444,0.7410658548010229,0.7567998898191769,0.7804670028953813,0.7589080210963026,0.7737816296630712
2024-12-05,2024,0.7752754823489638,0.7736898466119742,0.7835348282468723,0.7693293447840581,0.7457026505600554,0.7617150337337081,0.7854418368536499,0.7639146347841518,0.7788641231501706
2024-12-06,2024,0.7847125940449258,0.7827840563090158,0.79328962131855,0.7773408403999512,0.7547924962001432,0.7696584316172024,0.7953685061679685,0.7723178246353876,0.7882780155688882
2024-12-09,2024,0.7858354011702843,0.7834365774123472,0.7941779834790468,0.7769425090868697,0.7558659145685233,0.7692634861212597,0.7964363818212815,0.7721310846082231,0.7889773705260018
2024-12-10,2024,0.7864040443622955,0.7844106496808025,0.7946271101896617,0.7784271641293478,0.7564205608497981,0.7707355215922327,0.7971864858205966,0.7735431841439537,0.789922591931142
2024-12-11,2024,0.7912712408249754,0.7893080519089383,0.7992122384838911,0.7844810824916506,0.7607769150942985,0.776737981633597,0.8020398221270106,0.7796465036643826,0.7952733468379712
2024-12-12,2024,0.7960198096895954,0.7936220422265269,0.8041385623789712,0.7883225594054816,0.7651973468599578,0.7805468059842317,0.8070666951910213,0.783748760512672,0.7999760944610755
2024-12-13,2024,0.7756134246139096,0.7730691302774313,0.7836418486711381,0.7675664531908389,0.7457380502423183,0.7599671267233583,0.7856718172448077,0.7622163648597557,0.7784824762085454
2024-12-16,2024,0.7608248796787044,0.7579947461678537,0.7690043035013265,0.7525873039735657,0.7315723868770755,0.745115300311197,0.7703319739886166,0.7468721374940958,0.7630896196419239
2024-12-17,2024,0.7537621310383643,0.7512182041781718,0.761823992369851,0.746165415155225,0.7248942560723471,0.7387479975635745,0.7630692289894885,0.7401865468259283,0.7560266934041349
2024-12-18,2024,0.7593068813230932,0.7567217707064896,0.7674660045181375,0.7516663862455315,0.7301937627933662,0.7442022103861116,0.7688431013142107,0.7458058678114279,0.7617710724589855
2024-12-19,2024,0.7706152077860172,0.7680612717274701,0.779220445538401,0.7630175761362183,0.7412809594138677,0.7554569151348671,0.7811300643059597,0.7573822357971034,0.7737970016275247
2024-12-20,2024,0.7728247412861436,0.7701731083746004,0.7814960305694979,0.7649949851485998,0.7433402438904612,0.7574175161657898,0.7834078025174691,0.7593513775152194,0.7759899206586811
2024-12-23,2024,0.761344299573198,0.7586151895323103,0.7698072976703347,0.7537758917328321,0.7323350445143517,0.7462937850715925,0.7714995130286075,0.7478548512210281,0.7641758104849888
2024-12-24,2024,0.7703004363460202,0.7673669959097762,0.7788868535136487,0.7621941210648734,0.7409191756603044,0.7546404594336495,0.7810001300010568,0.7564501889105191,0.7733601468391393
2024-12-25,2024,0.7625079365211264,0.7601837171791533,0.7713104254878945,0.7560094761846728,0.7334636456221602,0.7485083840501106,0.7729661741551714,0.7499738060225438,0.7658749620108433
2024-12-26,2024,0.7714690869432266,0.769686093957111,0.7804302736727246,0.7654572999782012,0.7421205170357472,0.7578759013182045,0.782755778909845,0.7597236789159083,0.7757284946771824
2024-12-27,2024,0.7649422427249187,0.7627602382322237,0.7733793916032761,0.7578885744717325,0.7357744426535704,0.7503715099971179,0.775858093112578,0.751938080351216,0.7684797676637015
2024-12-30,2024,0.7629968439288242,0.7607342427578111,0.771433722433183,0.7557418452950698,0.7338497091218773,0.7482430280237258,0.7737512522247285,0.7497378999524742,0.7663556882772752
2024-12-31,2024,0.7417641804998248,0.7391546590733318,0.7501206164888404,0.7339908942398902,0.7117306658947717,0.7247640108897841,0.7538416914263278,0.7293743069107226,0.7461620567907424
2025-01-02,2025,0.7157710371793794,0.7132816359006156,0.723834644201965,0.7082701449621028,0.685584453499032,0.69813900416524,0.727637485124467,0.7040206086118097,0.7202285481545536
2025-01-03,2025,0.6875782106349001,0.6851804585068936,0.6953113077599767,0.680360141208631,0.6585213763031487,0.6705798526511558,0.6979512489498635,0.6753310459116018,0.6908716733277243
2025-01-06,2025,0.6910859823927517,0.6885589666572796,0.6988076199534312,0.6837812727666831,0.6618349181662193,0.6739579777059131,0.7015630254174262,0.678758104135029,0.694382257231727
2025-01-07,2025,0.7095017667757013,0.7068947104017319,0.7173289545697704,0.7019043461214671,0.6794482551397742,0.6918532287742052,0.7210218792382155,0.6974300828472344,0.7135871731233857
2025-01-08,2025,0.703393386535959,0.7007652182809629,0.7111003805391984,0.6958097041105087,0.6736434248699,0.6858352015432626,0.7146056894195413,0.6911352601941263,0.7072004774000814
2025-01-09,2025,0.7087768670600301,0.7060775228157228,0.7163808171129408,0.7009765963109658,0.6787250912694724,0.6909371415597205,0.7202244962665725,0.696448160450262,0.7127259403267264
2025-01-10,2025,0.6885113990587435,0.685890469921771,0.6960975256382578,0.6811294531710832,0.659350024159115,0.6713394937147004,0.6989762497337337,0.675922218133405,0.6917185959931463
2025-01-13,2025,0.6872504270596657,0.6846555674548322,0.6948886537563429,0.6799465754656531,0.6579887534173325,0.6701714857776707,0.6975868853550512,0.6746592006545143,0.6903672815767021
2025-01-14,2025,0.7249383682390036,0.7220444574644034,0.7323605615939409,0.7166127309318687,0.6941271815141868,0.7063767168073046,0.7368822570623436,0.7123388224541181,0.72917945141711
2025-01-15,2025,0.7206632275973305,0.7178716480961062,0.7280248794330477,0.7123702782429799,0.6900020268159862,0.7021875953196418,0.7324452599830676,0.7080135547913544,0.7248002563216672
2025-01-16,2025,0.7246995404178523,0.7218898399589551,0.7321322023746633,0.7163892820839353,0.6938413216707531,0.7061560768994695,0.7366777175867298,0.7120505409397696,0.7289478439153156
2025-01-17,2025,0.724703223137022,0.7218430492310817,0.732058640051836,0.7163173015598335,0.6938378002283248,0.7060850012311425,0.7367156280105345,0.7120858142990091,0.7289962575614265
2025-01-20,2025,0.7254725491901117,0.7227344115111892,0.7329677562341957,0.7172068691640165,0.6945427055252451,0.7069633862217806,0.7375743297015906,0.7130085284479901,0.7298983428102981
2025-01-21,2025,0.7266335742968754,0.7238856458654236,0.7341131754131618,0.7183276585797028,0.6956874125966322,0.7080700863711289,0.738880500721261,0.7142626522093658,0.7311967479901345
2025-01-22,2025,0.726349522730685,0.723719302525772,0.7339776961286179,0.7181950924842943,0.6953804822145171,0.7079391867431222,0.7386796977698902,0.7141813276336176,0.7310433912006359
2025-01-23,2025,0.7194782048825992,0.7169304040593878,0.7271000052225673,0.7114652914530055,0.688741617085398,0.7012939849753562,0.7314579674478043,0.7071885560562906,0.7239068993290767
2025-01-24,2025,0.7331457737932325,0.7306484726003596,0.7408215941008954,0.7248918272257975,0.7018117878585475,0.7145517378921976,0.7458091827146184,0.7209540624762136,0.7380489431356203
2025-01-27,2025,0.7189822811731841,0.7165333887966724,0.7263027470265381,0.7106851765709713,0.6882493081392761,0.7005236767940219,0.7308436283873379,0.706410998866188,0.7232654533147285
2025-02-05,2025,0.7424033301993849,0.7397169523057742,0.7492087077162696,0.7330985940941116,0.7105936148436941,0.7226553387932365,0.755498924295656,0.7296674590184095,0.7473970830953863
2025-02-06,2025,0.7665978310429984,0.763864425883068,0.7734271019402282,0.7567962241055407,0.7337173866421385,0.7460550696488241,0.7806106230691843,0.7538259632091668,0.772187446610097
2025-02-07,2025,0.7932642570142178,0.7904042658126953,0.8000563838255821,0.7828529008510569,0.7592566719130271,0.7717841920354113,0.8083321849150327,0.7806027604499427,0.799589722827793
2025-02-10,2025,0.8234511469216952,0.8204144906889572,0.8300013529428464,0.8125787833970602,0.7881719000582285,0.8011363952171566,0.8391052170980414,0.8109066014640917,0.830182583790942
2025-02-11,2025,0.8198000056656041,0.8164864305779931,0.8257765011030396,0.808250916187809,0.7846283663390708,0.7968629329415466,0.8347834648508216,0.80647957596369,0.8256921814365716
2025-02-12,2025,0.8358095578574744,0.8325139235754148,0.8426175115722735,0.8246637452931787,0.7999148233186668,0.8130694389701741,0.8510491271040868,0.8232389173710061,0.8420330369505319
2025-02-13,2025,0.8276796864408132,0.8242560339119478,0.8348159121053059,0.8167836630920726,0.792045796439831,0.8052884160351017,0.8423350929982083,0.8149682297646181,0.8334231973491841
2025-02-14,2025,0.8447715903986767,0.8417167076561501,0.8531918793896489,0.8348475680144903,0.8083883507753801,0.8231252424680253,0.8602966243830287,0.8334185478537753,0.8514551558611942
2025-02-17,2025,0.8426428090417096,0.8398565380793103,0.8501052155660652,0.8323039005507754,0.8064507026645285,0.8206135510453664,0.8583422953563793,0.8311015225240471,0.8493813268057697
2025-02-18,2025,0.8202515655264707,0.8177797915776239,0.8286903596402028,0.810991469368995,0.7849893531725539,0.7995690350624866,0.8347352892744292,0.8089083561751984,0.826165629632842
2025-02-19,2025,0.8365105815777647,0.834226516209141,0.8457375482620848,0.8277396442341249,0.8004809474829518,0.8161066712724094,0.8518141318043698,0.8261206112345313,0.8432464318060592
2025-02-20,2025,0.8314384204571527,0.8296715340306028,0.8419205445026691,0.8239563101894922,0.7955941510151814,0.8123708969211982,0.8464473485914236,0.8221093475220193,0.838295860476352
2025-02-21,2025,0.8537119613713073,0.8527754814976031,0.8679051652290064,0.8496308345759224,0.8168605366197882,0.8377226709255156,0.8701755721541773,0.8485874349285123,0.862751828976189
2025-02-24,2025,0.8598649403381728,0.858939184889142,0.8745934956866304,0.8558917475441529,0.8226830418965658,0.8439048789478452,0.8765339989960305,0.8550412587858724,0.8691232066909222
2025-02-25,2025,0.8530648846424006,0.851587512756055,0.8645964882065603,0.8460177130196639,0.8164269909664155,0.83415496934843,0.8695291144336549,0.8448970832672131,0.8612287647665231
2025-02-26,2025,0.8524971277605696,0.8510448276639985,0.8641459357594724,0.8455817371083033,0.8157394421099303,0.8337244740212417,0.8690586159195015,0.8446213154008373,0.8608062942100466
2025-02-27,2025,0.838841622979956,0.8371318020280957,0.8491773988767363,0.8308377317198041,0.8025938238131893,0.8191658131906936,0.854518548751311,0.8294841183449071,0.8461353955286833
2025-02-28,2025,0.8008662711702833,0.7990206862267389,0.810148075612772,0.7926275897080103,0.7662855178258048,0.7814360048259528,0.8147587225381013,0.7900803222422051,0.8065448412221919
2025-03-03,2025,0.8078775249190865,0.8060547984515053,0.8182657459027032,0.8003065877637303,0.7729268456170475,0.7890184714126013,0.8220429796086233,0.7977785335597147,0.8139735278897292
2025-03-04,2025,0.8140201566932544,0.8121659440366562,0.8237125517279766,0.8055277806105429,0.778819563599708,0.7941740294705852,0.8285541496215472,0.8034414979447594,0.8201627409720008
2025-03-05,2025,0.823434844408605,0.8220557180665609,0.8347256125854932,0.8164044907360173,0.7878204718017726,0.8049140101947162,0.8382677514751532,0.814571307641749,0.8302640687565435
2025-03-06,2025,0.8427645575880696,0.841809340876158,0.8554892287945325,0.8368886792528284,0.806230421991285,0.8251406952200682,0.8584537120970217,0.8355298989380049,0.8506394780481689
2025-03-07,2025,0.8238056614314122,0.8219702980811814,0.8337359934585719,0.8156634755489196,0.7880908189828255,0.8041823101922425,0.8387774411846476,0.8138581233202545,0.8303999975823899
2025-03-10,2025,0.8194718906656401,0.8173083482380825,0.8283929668205896,0.8102385048101389,0.7838188224363689,0.7988255359019154,0.8342787301849026,0.808424084659472,0.8256274526497708
2025-03-11,2025,0.8166143782015026,0.8146088655796371,0.8253503081006286,0.8078237041277254,0.7810626439579854,0.7964410912966484,0.8313512997005291,0.8059469490224401,0.8228426678047496
2025-03-12,2025,0.8205041383683999,0.8185587733667883,0.8292981629003846,0.8120844772293343,0.7848006306114143,0.8006483028940231,0.8353853018871297,0.8102849546438997,0.8269368565178981
2025-03-13,2025,0.8064614021107875,0.8046629552225218,0.8151932923918552,0.7986550201727831,0.7714004564414038,0.787387665416418,0.8207876317859886,0.7964840327183677,0.8126013819758989
2025-03-14,2025,0.8191311993915875,0.8170445035875888,0.8279699543295925,0.8103100762622363,0.7834199158148776,0.7988962076406173,0.8340789198972188,0.8084616810594163,0.8255038669526636
2025-03-17,2025,0.8204152973168886,0.818499112961192,0.8293119276136972,0.8121039940472122,0.7846364580815866,0.8006675743690725,0.8354214553212354,0.8101979047121171,0.8269935789644464
2025-03-18,2025,0.8254075602442886,0.823615762200704,0.8344750228194023,0.8174837729666345,0.7894144655548149,0.8059797249392492,0.8406934934615257,0.8157153956727222,0.8323148583504411
2025-03-19,2025,0.8154466263048319,0.8134865435089876,0.8244077965484228,0.8070475748162473,0.7798314039747427,0.7956747185838933,0.8302780155761728,0.8049804298268229,0.8218156602890067
2025-03-20,2025,0.8116970521958332,0.809902688282247,0.820677371710562,0.8039923156992469,0.7761842291323104,0.7926578666456443,0.8263664371870103,0.8018237574357561,0.8181236233346288
2025-03-21,2025,0.7850151262360037,0.7829114842977332,0.7935961796598047,0.7763185982944488,0.7506004030342567,0.7653320311619459,0.7986249583660057,0.7733654569857759,0.7902081904594277
2025-03-24,2025,0.781168379617425,0.7788938091269048,0.7899323355278637,0.7715924749658918,0.7468670064457692,0.7606653191816672,0.7948134942272173,0.7685494592779707,0.7861001273435649
2025-03-25,2025,0.7711337133088857,0.7682333855084184,0.7798531673366695,0.7603547293993588,0.7372001501923855,0.7495688415358595,0.7843897226227983,0.757155058614271,0.7753551196645105
2025-03-26,2025,0.7741141001392596,0.7710493715437204,0.783059145345512,0.7626293525007902,0.7399707530856876,0.7518148707103268,0.7874487703016065,0.7594427661103098,0.7782048247498243
2025-03-27,2025,0.7717365227824875,0.7686369219224601,0.780539445187489,0.7600604137305865,0.737685895049761,0.749278225662773,0.7849671480466682,0.7568602784977184,0.7757090794175652
2025-03-28,2025,0.7675769444664738,0.7643973826176595,0.77671392005787,0.7556685865548111,0.7336699553567629,0.7449416074512539,0.7805571764079645,0.7523018305059244,0.7712900456207216
2025-03-31,2025,0.7646161508466514,0.7613957826233241,0.7740667669058993,0.7525715193164747,0.7308521679317542,0.7418834729549447,0.7774855581221403,0.7491168238980489,0.7681994508684274
2025-04-01,2025,0.7667079434673957,0.7635005305028512,0.7761273632418064,0.754636536638238,0.7328768630887662,0.7439225312708222,0.779753468258874,0.7511956796872943,0.7703988704429043
2025-04-02,2025,0.7653223578008507,0.7621020971058232,0.7745851302567178,0.7533186926871751,0.7315364850497938,0.74262125372747,0.7783731735711253,0.7498592227114865,0.7690395366178518
2025-04-03,2025,0.7553220746453658,0.7520237647515855,0.7644089189613684,0.7432784606045034,0.7219736718228317,0.7327072358130693,0.7679806843479302,0.7396358749151091,0.7586988389112708
2025-04-07,2025,0.6920525571054528,0.6890337438600151,0.7004127611271375,0.6816286350012434,0.6615071696404097,0.6718324004090875,0.7018446357752985,0.6762402256238835,0.6934865191070408
2025-04-08,2025,0.6787812066650862,0.6757651418855701,0.6870783470050099,0.6687001634295554,0.6487356845195776,0.6590664506071157,0.6875018271769114,0.6630778043776162,0.6795249806687795
2025-04-09,2025,0.701684014615152,0.6985722580221662,0.7101464312635831,0.6915030438610883,0.6706967921042865,0.6815826796381482,0.7116923203762683,0.6867644652099402,0.7035025660319696
2025-04-10,2025,0.7204329254117166,0.7171252763739153,0.7291032339303876,0.7093980721585591,0.6886564692644708,0.6992527523674461,0.7317604505015637,0.705047034892543,0.7229538215320976
2025-04-11,2025,0.7262887694511595,0.723023653470577,0.7350374381274307,0.715248383280643,0.6942495141247136,0.7050295201544436,0.7378757623737414,0.7111467466189305,0.7290667171866131
2025-04-14,2025,0.7377350375023368,0.7342880849416271,0.7466973129901334,0.7260259899555771,0.70513742722644,0.7156716432418245,0.7497805759450569,0.7220391577135185,0.7407166198219689
2025-04-15,2025,0.7323713428747397,0.7290236002326299,0.7412364349020946,0.7209684917579974,0.6999745394043908,0.7106777220535494,0.7443454284520883,0.7168511940358299,0.7353505703829792
2025-04-16,2025,0.7270681935021158,0.7237939658882466,0.7356735404102133,0.715984766985198,0.6948982690278718,0.7057566468960089,0.7386967582358691,0.7117490225962068,0.7298997941680436
2025-04-17,2025,0.7260715871111468,0.7228752381838146,0.7346443749243906,0.7157539195090507,0.6939279639877604,0.705528701366944,0.7377012799393992,0.7114856377653199,0.7290358624548368
2025-04-18,2025,0.7270239989723458,0.7239153315863259,0.7356202818464428,0.7170028710747806,0.694828078302054,0.706761952560234,0.7386462992041963,0.7127135235071143,0.7300461828381467
2025-04-21,2025,0.7423639006508967,0.7390784916900952,0.7511657815025573,0.7318562117468854,0.7095079744322742,0.721428574237844,0.7547192437909466,0.7278768631581678,0.7458134401737139
2025-04-22,2025,0.7323517865629434,0.72893799971605,0.7409918955811193,0.7215356391820676,0.699898263005586,0.7112377399571238,0.7443229956378818,0.7172983591617997,0.7353833400720222
2025-04-23,2025,0.7359884840384995,0.732268228318998,0.7446052265907459,0.7244400117909392,0.7034004063436488,0.7141056021576543,0.7480994998223522,0.7202147074696097,0.7388858972810209
2025-04-24,2025,0.7261110434831703,0.7222317278949342,0.7347343893983693,0.7141719415947865,0.6939149679765452,0.7039666102466332,0.7377615211153983,0.7096330801659173,0.7284932394382888
2025-04-25,2025,0.7388917886875297,0.7349024221160817,0.7476919729275977,0.7270993341998597,0.7061426851520128,0.7167314946455091,0.750950600736884,0.7228053926390139,0.7415639236214406
2025-04-28,2025,0.7395907556613464,0.73557777866678,0.7483715822061368,0.7276917235707829,0.7068152475427405,0.7173164371834182,0.7514784656339965,0.7233509209982062,0.7420650876641336
2025-04-29,2025,0.7440896947859715,0.7400474908898558,0.7529458177254854,0.7320171172307206,0.7111548238497147,0.7215874570043112,0.7558348917927316,0.727729276924938,0.7463728060534507
2025-04-30,2025,0.7600390622242438,0.7558898614155048,0.7690164018131425,0.7476524004221864,0.7264292512182636,0.7370261915256427,0.7716330650026517,0.7437683229240742,0.762210810412897
2025-05-06,2025,0.7866553424755546,0.7826783729577079,0.7960920054653071,0.774631314706588,0.7518425035639537,0.7636659581489929,0.7985336159415796,0.7714198376345165,0.7892950466673837
2025-05-07,2025,0.7883738436348976,0.7845055527218414,0.7983498685209385,0.7763383059499591,0.753450908048779,0.7653514910756382,0.8004252049645538,0.7731605997662206,0.7911487890191503
2025-05-08,2025,0.7883746134896874,0.7838439982072594,0.796520324337322,0.7745495701406964,0.7533894402554264,0.7635852411811,0.8006520450735789,0.7713928566817047,0.7907441999802552
2025-05-09,2025,0.7795454248021881,0.7749694211327831,0.7873275961822513,0.7657079598681366,0.7449202313170534,0.7548547773917623,0.7915040683988488,0.7623105499192283,0.7816303172157052
2025-05-12,2025,0.7924878386942847,0.7876939575753261,0.8002116678910637,0.7782265342249359,0.7572310245456139,0.7672159827318529,0.8050142007921367,0.7752032987804586,0.7949442768072653
2025-05-13,2025,0.7872188325889212,0.7823454771188869,0.7944919981903364,0.7730985582216914,0.7521785864305853,0.762152469703252,0.7995233231250005,0.7698727887079914,0.7895013836743241
2025-05-14,2025,0.7890775076219512,0.7842259977359954,0.7964156129678271,0.7750238163372829,0.7539381331862549,0.7640535257038161,0.8014733807532882,0.7718749844560354,0.7914654406969388
2025-05-15,2025,0.7700772530785082,0.7653271684522135,0.7773717382865626,0.7561030284252028,0.7358052828135897,0.7453705880216596,0.7818069615345593,0.7524094801417439,0.771887156419787
2025-05-16,2025,0.7740987136720424,0.7692876398430436,0.781330709873855,0.7599714466942956,0.7396561091257584,0.7491903770170131,0.7859439529471735,0.7563292518890231,0.7759479014709275
2025-05-19,2025,0.771894638003515,0.7669485028804564,0.7791814567822852,0.7574134590682339,0.7375426914061096,0.7466645454485017,0.7836725369054091,0.7537736058351158,0.7736030049859631
2025-05-20,2025,0.7757545495291707,0.7707875497682801,0.7831359351470848,0.761008920803577,0.741235880735004,0.7502148092034853,0.7876879087268934,0.7574170327855766,0.7775329771673704
2025-05-21,2025,0.7766199952455964,0.771083568840225,0.7842314863074669,0.760397880724031,0.7420130198352796,0.7496114504120598,0.788651350555378,0.7568139953344579,0.778037791446535
2025-05-22,2025,0.7736916864440695,0.7681273767412581,0.7814179714051713,0.7573319860789732,0.7392411518066695,0.746584096643293,0.7856293894371499,0.7536479382795465,0.7749539217893626
2025-05-23,2025,0.7646651237906038,0.7591330980147732,0.7726512899671127,0.7482261261334434,0.7305680973503571,0.7375927050217969,0.7762775218854467,0.7442910755604732,0.7656438907276053
2025-05-26,2025,0.773571173837704,0.7681406540848138,0.7815974084683064,0.7575792546601989,0.7391019272681456,0.7468282568503236,0.7856425322756388,0.753908718339032,0.775017740458327
2025-05-27,2025,0.7664221309032343,0.7609627499139502,0.7744523145648899,0.7502886405462572,0.7322448776187634,0.7396292918923971,0.7781595953785846,0.746391076366847,0.7675545998062105
2025-05-28,2025,0.7594681431523944,0.7539512367706611,0.7670734755761696,0.743695369161206,0.7255002354083226,0.7331189034782967,0.7710404120951342,0.739659289981368,0.7605180156930568
2025-05-29,2025,0.7761979473988658,0.7709092849889428,0.78432948277527,0.7606593813886964,0.7415352696359615,0.7498696637932615,0.7885901271088513,0.7569566174058971,0.7779555218966167
2025-05-30,2025,0.7610667407231638,0.7556062290639748,0.7687077183560769,0.745097528904724,0.7270756442565476,0.734503436893623,0.7729536667512906,0.7411201110769551,0.7622819167117585
2025-06-03,2025,0.7544789830009876,0.7490962543623584,0.7614346163694565,0.7390610850317698,0.7207615599082354,0.7285428762011038,0.7661486673781486,0.7349767462704585,0.755667668976391
2025-06-04,2025,0.7611440135467739,0.7558861290606061,0.7681304480332456,0.7457665395850969,0.7271331438980614,0.7351640375466284,0.7732945483288263,0.741810690022479,0.7627064579870811
2025-06-05,2025,0.7779836220045888,0.7730419434379671,0.784942586359951,0.7631631807254701,0.743283840701852,0.7523419882648923,0.7909903068082357,0.7595575304402653,0.7803536426355222
2025-06-06,2025,0.7761726366537582,0.7708375119851226,0.7832556025994984,0.7606674281873308,0.7415601659233312,0.7498776094368642,0.7892944754742023,0.7570537420236183,0.7784204318857909
2025-06-09,2025,0.7863271201748797,0.7804906355987912,0.7936740053382935,0.7694305014342071,0.7512255259309583,0.7585305234770365,0.799895574909945,0.7659832651543266,0.7885230514153924
2025-06-10,2025,0.7785678849777504,0.7726349452868783,0.7861109442273694,0.7608101306969889,0.7437576220413407,0.7500185180558615,0.7918062736661774,0.7574903404968223,0.7803354001823201
2025-06-11,2025,0.7849904778914236,0.7788019813175944,0.7929482636418407,0.7661180372280473,0.7498421269959491,0.7552596997340917,0.7984203791920187,0.7629823484251892,0.7866345121110817
2025-06-12,2025,0.7870510615609004,0.7807675703419075,0.7958054580676341,0.76792738350162,0.7518018253028871,0.7570463010020559,0.8007739747523136,0.7648265556494591,0.788842904832855
2025-06-13,2025,0.7749112146164354,0.7687307574913842,0.783390914178111,0.7561038988931551,0.7401818070574605,0.7453714475470972,0.7881595851416081,0.7526988941590242,0.7763911195086494
2025-06-16,2025,0.7800428543003621,0.7738256860340884,0.7886125037894897,0.7610703748799398,0.7450696033103787,0.7502754907503816,0.7935569932069019,0.7578223579555554,0.7816875948320416
2025-06-17,2025,0.7743123499323031,0.7682148927808373,0.7827720646695077,0.7556516577435781,0.739603225840007,0.7449248914494275,0.7875635221022358,0.752219674539312,0.7758205937325529
2025-06-18,2025,0.7807138345008504,0.7745587200609584,0.7893299323453778,0.7621370884986448,0.745726595259629,0.7513287948810331,0.7941952324473336,0.7588027421985112,0.7824068988328484
2025-06-19,2025,0.7712398925787752,0.7651842126372382,0.7796380889345076,0.7529645437515987,0.7366752362442552,0.7422715567421053,0.7843059815875958,0.7494057394424857,0.7726840623847372
2025-06-20,2025,0.7654141364883555,0.7594677908148778,0.7738259743690041,0.747457887166198,0.7310691689334263,0.7368341234650064,0.7782343914953095,0.7437198000402353,0.7667281244413608
2025-06-23,2025,0.7726046583615706,0.7665460778483835,0.7809620668250229,0.7542265970547904,0.7379276394477468,0.7435177449729898,0.7856710249494474,0.7506401078818544,0.7740169327252011
2025-06-24,2025,0.7836317433447965,0.7774188381306371,0.7920017537803871,0.7650730049205787,0.7484858270916785,0.7542278043623449,0.7971289266932832,0.7617650781007062,0.7853498753912916
2025-06-25,2025,0.7965966925178102,0.7902980524631288,0.8051873214685847,0.7778078423544571,0.7607961492143235,0.7668025541706042,0.8107472059339851,0.7748429733063694,0.7987710100153238
2025-06-26,2025,0.7961819103374753,0.7899431058934204,0.8048201587151529,0.7777157840273542,0.7603843928786297,0.76671165309416,0.8104113451705285,0.7748412077716514,0.7985310303118557
2025-06-27,2025,0.7963093235386749,0.7902104928790503,0.8048926353691179,0.7783875031341269,0.7604493357652845,0.7673749281263658,0.8105909203878285,0.7755074261724638,0.7988569620996676
2025-06-30,2025,0.8013427345698958,0.7951302253184059,0.80996269311476,0.7830452625507944,0.765233532909585,0.77197413558667,0.815931280491498,0.780358007615204,0.8040362051472705
2025-07-01,2025,0.802902190030352,0.7966418212167137,0.8115887820835661,0.784335126768969,0.7667076750988463,0.7732477851259271,0.8175488653048555,0.7816256229889641,0.8055532579150705
2025-07-02,2025,0.7917223865198889,0.7854759029045362,0.8001363980845905,0.7732225706893577,0.7560133863774815,0.7622749232298166,0.8058798852083144,0.770191960926644,0.7939906995623184
2025-07-03,2025,0.8006089870176452,0.7944136607587208,0.8090930182744152,0.7821538306097402,0.7643518033015817,0.7710939096954446,0.8152281585683555,0.7793116743616405,0.803243046532868
2025-07-04,2025,0.7967131252278442,0.7905890773395599,0.8051933362206498,0.7786054984297163,0.7605406126097105,0.7675901830376001,0.8110824770088106,0.7756287302305539,0.799229992447314
2025-07-07,2025,0.7968170859463325,0.7905875622380796,0.8053340738507154,0.7782432005243193,0.7606722390143121,0.7672324395218248,0.8111970950951248,0.7752071093093394,0.79920220924077
2025-07-08,2025,0.8144183977332138,0.8082130564659816,0.8235736166985377,0.7960434485776171,0.7774656715296119,0.7848089234743966,0.8298011456836598,0.7934535050903381,0.8176639157217755
2025-07-09,2025,0.8070555858643124,0.8008569071765838,0.8160257905373345,0.7886731817718327,0.7705005858084777,0.7775313071260084,0.8221073487050444,0.7858682027579589,0.8100008256564479
2025-07-10,2025,0.8074976147228616,0.8011941474329475,0.8163698933677365,0.7887867595228071,0.7709217843354832,0.7776434571090534,0.8226321810376607,0.7859779658851976,0.8103876378689108
2025-07-11,2025,0.8111694574459255,0.8049437312924544,0.8200586865113818,0.7928340366930087,0.7743990350130774,0.7816398565985804,0.826515593847326,0.7901858513831475,0.8143259087322654
2025-07-14,2025,0.810928764958578,0.804706564997185,0.8197473912594121,0.7926898509513103,0.7741519945806631,0.7814974833930182,0.8263706830116472,0.7900585440871792,0.8142131731972827
2025-07-15,2025,0.8181107906774795,0.811943199210763,0.8270673682833566,0.7998657716481181,0.7810226311485288,0.788583196726603,0.8339306842695605,0.7974720743384837,0.8217382657618557
2025-07-16,2025,0.823475690915265,0.8171256694985564,0.8324903277742319,0.8047225453558499,0.7861111629391145,0.79337891670082,0.8395046120841868,0.8023714040072205,0.8270904368036331
2025-07-17,2025,0.8538443908559139,0.847131704930586,0.8631920912427988,0.8340036384665803,0.8151570350136221,0.8222919218248786,0.8710017904570916,0.8323249482453686,0.8580782789767107
2025-07-18,2025,0.8531517296594944,0.8462179752519555,0.8624543798628893,0.8324767120627661,0.8144430939603731,0.820784190171194,0.8703513155066166,0.8307739321412237,0.8571883860097348
2025-07-21,2025,0.8495657135835516,0.8426393523923907,0.8588788249275088,0.8291594915956116,0.8109293484558899,0.8175086699574584,0.8665996256260261,0.8273786361583426,0.8535303184441282
2025-07-22,2025,0.8424384839355034,0.8355714398927155,0.8516027224584226,0.8222700915842792,0.804104717568955,0.8107058755031648,0.8591852504213254,0.8203196826638955,0.8462469251706851
2025-07-23,2025,0.8406213073297745,0.8336072626841065,0.8497930564711434,0.8201450998665476,0.8023010005263146,0.8086075967199571,0.8572732211952285,0.8181493860643549,0.8442725322337228
2025-07-24,2025,0.8528496868382452,0.8458289424611534,0.8625169024162735,0.8324373040916546,0.8140367786069846,0.8207452775914492,0.8701833992591781,0.830681503148374,0.8570838273904283
2025-07-25,2025,0.8680157905204652,0.8607830241383768,0.8785815230450295,0.8472168126197079,0.8285223424097374,0.835338995257204,0.8861432592954346,0.8458690897244849,0.872797028077634
2025-07-28,2025,0.8695201864322861,0.8622519803646336,0.880113831934362,0.8487391537738154,0.8298761575130417,0.8368421993016301,0.8876602802038263,0.8473797603057027,0.8743151291558091
2025-07-29,2025,0.8760619235863129,0.868924179755573,0.8869100597414618,0.85566913614169,0.8361677547992912,0.8436850659580861,0.8949344548008563,0.8547087426924015,0.8816090668501202
2025-07-30,2025,0.8700356085653901,0.8632416650041437,0.8811592150279133,0.8504477964966981,0.830249689868698,0.8385293629473002,0.8886463273526399,0.849260009539193,0.8756111289641735
2025-07-31,2025,0.8758881140606285,0.869165369462711,0.8865804594195031,0.8566903814216101,0.8358333173679782,0.8446934733252426,0.8946794696442122,0.8554588217269972,0.8816788284618061
2025-08-01,2025,0.8717561198812567,0.8648692449343144,0.8828111258252652,0.8515962864380437,0.831887286554173,0.8396634154033845,0.8904817690158995,0.8502784205887962,0.877238749322066
2025-08-04,2025,0.8736011522598957,0.866668536569368,0.8837106629673526,0.8533077697056877,0.8335801254478604,0.8413533838857767,0.892390818554658,0.8521681550849003,0.8790565514793003
2025-08-05,2025,0.8812321563799644,0.8746854987513906,0.8920594454192239,0.8619293588677905,0.8408829419490522,0.8498665924152101,0.9005248675254074,0.8609649371704516,0.8874232266611902
2025-08-06,2025,0.8887275151769638,0.8821035066176864,0.8995897337604136,0.8693923947826983,0.847983450215559,0.8572358116869346,0.9083493835722807,0.8686610455699336,0.8951915406293739
2025-08-07,2025,0.890934569116946,0.8845807167473844,0.9024934881728727,0.8720556734025388,0.8500776670674348,0.8598656106528082,0.9107990247797245,0.8713465034336896,0.8977447498226597
2025-08-08,2025,0.8789067374519696,0.872708420544356,0.8901935412234472,0.8608018754561272,0.8385007276901656,0.8487532824190487,0.8981717583800172,0.8597821011988214,0.8854789850264546
2025-08-11,2025,0.890731558265799,0.8844034478186124,0.9015368276799607,0.8718203485829149,0.8497539801994871,0.8596332440642431,0.9105447350212547,0.870981399453659,0.8974991840151042
2025-08-12,2025,0.8988115079595193,0.8930627455021357,0.9097258302964059,0.8818226113166276,0.8574463249866852,0.8695097699363609,0.9193993337750895,0.8811759322746954,0.9067442848049474
2025-08-13,2025,0.918929192331543,0.9137849533838343,0.9301525373317551,0.9039420654866248,0.8767016658604909,0.8913511639492137,0.9405007494922929,0.9037584772727975,0.9282830617363421
2025-08-14,2025,0.9095455102932916,0.9044697092807698,0.9209516928716138,0.8944198621573809,0.8676352674323844,0.8819486627307788,0.9307841844957656,0.8941916648438334,0.9185809225440966
2025-08-15,2025,0.9228427846715135,0.9178302942761193,0.9343623717568199,0.9081043370102269,0.8803105219295505,0.895461112216327,0.9448949817815758,0.9082917746819897,0.9326989358922086
2025-08-18,2025,0.9428388820795337,0.9375342226417775,0.9540219979485418,0.9272587982633972,0.8990454712253011,0.9143747857689905,0.9659559126498672,0.9280317003424097,0.9532939864833974
2025-08-19,2025,0.9526414572736597,0.9477447387236768,0.9642783071233195,0.9389159462268988,0.9082564401128858,0.9258853935706205,0.9765190990922362,0.9398908637803872,0.9642469079000543
2025-08-20,2025,0.9710443172168561,0.9646992426428883,0.982360729706812,0.9545020153289056,0.9257914711511882,0.9412755326650216,0.9959045565592658,0.9560872516769008,0.9826116271213418
2025-08-21,2025,0.9525650591893677,0.946169764987768,0.9635496924649053,0.9351541915145567,0.908080204578861,0.9221709272813295,0.9763607122730308,0.9362810797375354,0.9629768972174745
2025-08-22,2025,0.9834728709856417,0.9767444540118898,0.9950537081885735,0.9656002732658974,0.9375675746978155,0.9522342761581999,1.0092876356611418,0.9678408166035493,0.9954489096095523
2025-08-25,2025,1.0036992766528325,0.9972141569273824,1.0157067641199486,0.9875426888322038,0.9568992031888675,0.9739008570916264,1.0309066808603944,0.9907078757398534,1.0174512857933258
2025-08-26,2025,1.022902409265099,1.0156529869132316,1.0347334535378894,1.005377661994708,0.9751360737385532,0.9915116296295532,1.0506471555067756,1.0088723233061496,1.0365917639321243
2025-08-27,2025,1.0149085597885477,1.0087510027999127,1.0277855513421355,1.0014228016180005,0.9675182974999014,0.9876064851766375,1.0418542343229595,1.0047194373319321,1.0292069066346667
2025-08-28,2025,1.047975095674896,1.0425657647878368,1.0618810912728556,1.0375850503155934,0.9991816822327734,1.023314143969875,1.076030189213871,1.0418468843905422,1.0643110103797189
2025-08-29,2025,1.0417502876301756,1.0362023808797967,1.0546621029875087,1.0308816582766793,0.9931768910301843,1.016695019211221,1.07009092912404,1.03469743399646,1.0581333838344908
2025-09-01,2025,1.0487598900598514,1.0434067423074385,1.062006616456819,1.0386497921865956,0.9997776374306453,1.024365501139352,1.077707497988284,1.0428866035801796,1.0659578670069083
2025-09-02,2025,1.0087931360817817,1.0033023510780552,1.0203685687200663,0.9967067266247858,0.9618476385557359,0.9829496952156679,1.0356822280550109,0.9997506657672498,1.0236531237523785
2025-09-03,2025,0.9946865029951786,0.9896406808868595,1.006624401211182,0.9836550693613176,0.9483146918584575,0.9700621082697484,1.0209189108068086,0.9861846860589497,1.0093180697038466
2025-09-04,2025,0.9605605510113693,0.955244213838561,0.9713021890363175,0.9474745589702757,0.9157714604750787,0.9343364173479197,0.9847774337811391,0.9486232263312793,0.9727603487034618
2025-09-05,2025,0.9882310767673772,0.9828681029871315,0.9997000978100227,0.9768660426047725,0.9421100343228352,0.9633584252939433,1.0138278930543148,0.9788110386889558,1.0021981658130017
2025-09-08,2025,0.9906139277211911,0.9840750452973439,1.0006259866893674,0.9751799040427068,0.9443485998579603,0.9616934829128475,1.016229593193431,0.9772232715919992,1.0033387401165674
2025-09-09,2025,0.9743798106283648,0.9678646580903486,0.9844870441099297,0.958211128214313,0.9286839753956785,0.9449380188794517,0.9991413571943446,0.9597440589709632,0.9861911338941676
2025-09-10,2025,0.9876638789888543,0.9816702553362436,0.9985094523609099,0.9744156800635333,0.9411805616271054,0.960938865872349,1.0132552245045487,0.9764794707563893,1.0011241964704631
2025-09-11,2025,1.031176838550769,1.025945634707846,1.0440257887114452,1.021034964913001,0.9827375861439589,1.0069721070712114,1.0593770958796591,1.024537167841704,1.047847784758768
2025-09-12,2025,1.042741443557347,1.0387134788811903,1.0578670218281034,1.0368112330754322,0.9933262623489427,1.0225500542637544,1.0716235790301583,1.0410300956858145,1.0615038968385562
2025-09-15,2025,1.0496695805023457,1.046141537739278,1.0664951792023802,1.044538248815453,0.9999381369857611,1.0301799349119956,1.0794724160006854,1.0492670988182695,1.069585317307862
2025-09-16,2025,1.0666736239357602,1.0640797745607478,1.0861819822640373,1.0641011980209947,1.0161712209784612,1.0494969613796394,1.0981222973321807,1.0697571947770312,1.088832642597287
2025-09-17,2025,1.0669725950115279,1.064201553578826,1.0866367699668473,1.0642786908649815,1.0164880829308371,1.0496722229891793,1.098557178981167,1.0697508568619183,1.0891668058147495
2025-09-18,2025,1.0606202657350725,1.0586965349826891,1.0809449672470226,1.0606367528262153,1.0104202941125333,1.046076067177026,1.0921569338495127,1.0661034241518654,1.083564224270349
2025-09-19,2025,1.0618314220343454,1.0599214032026454,1.081726645437847,1.0616641712602455,1.0115578047783622,1.0470905700965492,1.0934484804398807,1.0668980194668451,1.0846988539674884
2025-09-22,2025,1.0851490757918594,1.0849314807061596,1.1078646208230194,1.0891398579217777,1.0337804656374496,1.0742208642501099,1.118763005044985,1.0955554408026582,1.111126235283334
2025-09-23,2025,1.0743245233300993,1.0749305674774368,1.0981098122876012,1.0808091420111536,1.0235108856275612,1.0659948724505517,1.1073220618255246,1.0870082334421576,1.1007007380455631
2025-09-24,2025,1.0946773646202441,1.0942437763686244,1.1178649738410387,1.098093710081885,1.0428734072678727,1.0830621589519926,1.1291202725790466,1.1050062544227441,1.1212851634938448
2025-09-25,2025,1.1161805160855838,1.1164863970958487,1.1431250080566724,1.1238545884970224,1.0633076907022003,1.1084992014421915,1.152566760992302,1.132107180751833,1.1459600462577175
2025-09-26,2025,1.0938033994070393,1.0952663587870313,1.1222233246469624,1.1040944599776523,1.0418407683975457,1.088987474370662,1.1289119825874343,1.1120239148910416,1.1235079659853342
2025-09-29,2025,1.1032913295113547,1.104913871473248,1.1323325726748776,1.114865592852899,1.0507491842515886,1.099623205039467,1.1391873667694221,1.1228930125990482,1.134035625986161
2025-09-30,2025,1.1155660030962709,1.1170501476828225,1.1439728392833302,1.125615309524781,1.0624922729464268,1.1102377887246095,1.152521950497046,1.1339613718866335,1.146640210381114
2025-10-09,2025,1.1287223827085708,1.1295166248500301,1.153037341820218,1.1354995098231553,1.0746050834065568,1.1199977363055755,1.1661759440246218,1.1441218508378397,1.159047836911999
2025-10-10,2025,1.0894615675760777,1.0902104650399278,1.1118416477122153,1.094743681872687,1.0371608704066595,1.0797542434171457,1.1240650523003806,1.101659994463946,1.1168610765919251
2025-10-13,2025,1.0913945702877095,1.0924311368700177,1.1137768538858703,1.096331649152648,1.0392140749503935,1.0813222486117855,1.1263841400939927,1.1034582889313114,1.1190430358978305
2025-10-14,2025,1.0551334858384787,1.0561322704833735,1.0749633553256819,1.0563211008763733,1.004546506403605,1.041814666604733,1.087683334640902,1.0618795556184175,1.07942137146106
2025-10-15,2025,1.0688818520790744,1.0707951990932671,1.090021734154655,1.0728432212258954,1.0176014896832468,1.0581290899945814,1.102503571871088,1.0790688512570483,1.0949994957206852
2025-10-16,2025,1.0693975336063704,1.0707662310796384,1.0888756323659279,1.071957286876639,1.0178702927019878,1.0572542925857975,1.1026346866320327,1.0779472654208464,1.0946696897085166
2025-10-17,2025,1.0310017424948001,1.0320594838287793,1.0489912136453368,1.0309573161792918,0.9812450043534224,1.0167697260303152,1.0615039449510335,1.0357751182941755,1.0531385957642507
2025-10-20,2025,1.0452230908871678,1.046903670271584,1.063577421551055,1.0481185957995178,0.9948590702966681,1.033715273920847,1.0772497394717628,1.0533690584633386,1.0694870663042417
2025-10-21,2025,1.064500191323012,1.0677373739169813,1.0835762222807284,1.07291781402484,1.0132733362985207,1.058202745099258,1.0982051502940755,1.0788567460762089,1.0919665834305101
2025-10-22,2025,1.0571560812154075,1.0602292224693697,1.0759146253256222,1.0641849224835351,1.0062404400396243,1.0495796333552134,1.090424565418283,1.0700087206097755,1.0838797067652464
2025-10-23,2025,1.0553713704228764,1.0581447749863706,1.0742052154555266,1.0611161577759278,1.004504985545012,1.0465494456029996,1.0884178319756546,1.0666216941385822,1.0814494566324495
2025-10-24,2025,1.0729981722233042,1.0768550037461866,1.0922599435858582,1.0832281252388036,1.0213512425948348,1.0683834470229412,1.1075676150577836,1.0896934059128942,1.1019092497814578
2025-10-27,2025,1.0957616821107758,1.1006099556975566,1.1158485740462438,1.1100579072533137,1.043102568739842,1.0948759560945587,1.131892588794467,1.1171635075314514,1.1272900540578412
2025-10-28,2025,1.0897770825399222,1.0948498153237136,1.1100979918749108,1.1045064919031822,1.0374184378964273,1.0893943267080757,1.1258225771563388,1.1114565212949976,1.121336417187957
2025-10-29,2025,1.104183959779789,1.1115874853602008,1.1259454825900175,1.1252557979309927,1.051092280401991,1.1098827964941609,1.1415556964628573,1.1325811019053,1.1388546380327897
2025-10-30,2025,1.0954360660432156,1.1025558875281125,1.1170777441920408,1.1143713955809469,1.0426517563467808,1.0991352202431954,1.1323814041488274,1.1210784207806637,1.1289755413081883
2025-10-31,2025,1.082037728672013,1.0860872110056035,1.102032027399074,1.0898476588180508,1.0296602526554732,1.0749197674933517,1.1175028202193709,1.0956043732647962,1.110571815069497
2025-11-03,2025,1.089642138322402,1.093455924083644,1.1097639106559452,1.0966613550085513,1.0368350148941128,1.0816478097875624,1.1251453145836352,1.1024330599762968,1.1179002573498238
2025-11-04,2025,1.0786137199597954,1.0817612588090884,1.098393109775219,1.0832882390930418,1.0261953289886026,1.0684428051954336,1.1130661370501747,1.088668913558456,1.1052622396986942
2025-11-05,2025,1.0732852492151208,1.0767096233367919,1.0926361065714087,1.0786934414152825,1.0210880077525606,1.063905767991983,1.107294573852719,1.083881346965355,1.099842098964835
2025-11-06,2025,1.0849046472253576,1.0892748955398712,1.1048847961132306,1.093917777784881,1.0320732956049272,1.0789387216388975,1.1203515623048976,1.0999595880628614,1.1139432922372607
2025-11-07,2025,1.063656844770887,1.067832962245875,1.0825576059875635,1.0716314507850786,1.0120155918210303,1.0569325525281685,1.0976161553265595,1.0770064345060644,1.091139343975747
2025-11-10,2025,1.0707740135427537,1.0745502824275133,1.0897473845761043,1.0780392059716106,1.0188366137722875,1.0632597568385167,1.1051705780541587,1.083325948746694,1.0983095196888173
2025-11-11,2025,1.0510354114662204,1.0538037808577365,1.0694790655089266,1.0549469422901148,0.9997862352252179,1.0404577823485506,1.0840614361844272,1.0596579895527074,1.076344593155864
2025-11-12,2025,1.0461178258124897,1.0485019335844743,1.0648051839668833,1.049274778097972,0.995120816559833,1.034856922034636,1.0788257703304671,1.053756285458514,1.0709263259312813
2025-11-13,2025,1.0615533626669114,1.0644077976565327,1.0805245990879306,1.0662716731175241,1.0096840754784688,1.0516401517772889,1.0953384701248357,1.0712207064730888,1.0878123935724742
2025-11-14,2025,1.0421368923641057,1.0439920288615347,1.0598571333395133,1.044860975234823,0.9911571479960894,1.030498604388631,1.0743881528932269,1.0490746931830073,1.0664226074723675
2025-11-17,2025,1.0590450708913486,1.060791706710245,1.0772942642936267,1.0610696007335063,1.007210640684817,1.0465034738217887,1.092519926013627,1.0655011481935739,1.0840493189110687
2025-11-18,2025,1.0641059074266368,1.0653974398279118,1.0826478301262705,1.0658676698495166,1.0120144754475666,1.051241227170415,1.0978718985128306,1.07048616282477,1.0892161602289736
2025-11-19,2025,1.0569711771615584,1.059276993297072,1.0751908585741365,1.0613140931003777,1.0053204349729226,1.0467448927138163,1.0907325680273523,1.0658202908100627,1.0829829336762886
2025-11-20,2025,1.0470053356739373,1.048947006640159,1.0650521983168488,1.0504096454590102,0.995853602216226,1.0359775231577133,1.0801324560095427,1.0546844095906596,1.0721354141734178
2025-11-21,2025,1.0056095718753952,1.0052290850711996,1.0227716647708673,1.002078950740988,0.9563360556239353,0.9882543859528599,1.0355004231073726,1.005108220383267,1.025815732811035
2025-11-24,2025,1.006700509478329,1.0048053048704477,1.0240859135969869,0.9971918118299613,0.9574996871938075,0.9834286824915122,1.0364768099402024,1.0001935387320717,1.024785153971767
2025-11-25,2025,1.0180455148588008,1.0163263482209957,1.035456159388457,1.0098465341577336,0.9681407387704543,0.9959243243079828,1.048797357826476,1.013186055861993,1.0373094662839515
2025-11-26,2025,1.02779180301901,1.0269809278299569,1.0453533633205032,1.0226793006567214,0.9772342888323776,1.0085957721305752,1.0596433652310353,1.026626498516902,1.0490447619493375
2025-11-27,2025,1.0285787242095095,1.0291404612866217,1.045890449681909,1.0277373860470163,0.9781150469963482,1.0135902731300586,1.0607195943611547,1.0318326964504794,1.0514939815127944
2025-11-28,2025,1.0327783887732764,1.0333116912580707,1.0502029306121343,1.0319163044840995,0.9820745970601324,1.017716659044939,1.065231802695449,1.036060140091538,1.055933692782117
2025-12-01,2025,1.0386595021562954,1.038851343419556,1.0560246317191166,1.03656911680214,0.9876779303743317,1.02231098159581,1.0716446362477208,1.0410347243660771,1.0618502290752276
2025-12-02,2025,1.0284173802738592,1.0290139229376718,1.0455574486366312,1.0275883638757588,0.9778484019433351,1.0134431242929278,1.0606416871316642,1.031657988900508,1.0513873931717397
2025-12-03,2025,1.013377048364395,1.0147779748806434,1.0305033079891412,1.0156465155241992,0.9634868089936319,1.0016513950267538,1.0448252749147133,1.0194248824714591,1.0367453511422176
2025-12-04,2025,1.0127556339008228,1.014140932894366,1.0297809418354626,1.014795981555772,0.9628319630111806,1.000811552986215,1.0443205566654445,1.018735460308899,1.0361530681354518
2025-12-05,2025,1.0199007398438338,1.0212276673007172,1.0370616575463405,1.0220938695194757,0.9694516295308474,1.0080177003554893,1.0517889234235984,1.0261586670438043,1.0435944974936275
2025-12-08,2025,1.035106206840052,1.0380520309363237,1.0525621499654658,1.0423407147407255,0.9838452840623862,1.0280100256902795,1.0684082661614138,1.0469764686772973,1.0616477133911368
2025-12-09,2025,1.0417437289343625,1.046008047928166,1.0600497714459896,1.0530669860925161,0.9901737417801798,1.038601458782739,1.0755134130922566,1.0578108995955033,1.0699917087114446
2025-12-10,2025,1.02925784355987,1.032175653226604,1.0468762731985113,1.038192014708758,0.9782242901196663,1.023913478309728,1.0620582629042223,1.0420971762140279,1.0557799467208173
2025-12-11,2025,1.0148930909873146,1.0171176387252372,1.031894819238759,1.0217162752438431,0.9644601836535159,1.007644852757727,1.0465580680718474,1.025247328300831,1.0398579618818902
2025-12-12,2025,1.017839288331814,1.0208335670056425,1.0356094390352304,1.0264628622385314,0.9673397121185177,1.0123317711586295,1.0500952754569577,1.0301957221495577,1.0438274123207114
2025-12-15,2025,0.9956844262099557,0.9970844122178781,1.0123214659599975,1.0006358792627268,0.9461578604901272,0.9868294550977322,1.026129110280313,1.0035909273217654,1.0189784307541632
2025-12-16,2025,0.9777113331774117,0.9785944481395173,0.9937924466335393,0.9814293927349729,0.929167320202384,0.9678644102719771,1.006702834735787,0.9836573011547105,0.9994680934971557
2025-12-17,2025,0.9919332024278043,0.9949458261303943,1.0081495752041878,1.0012945259916728,0.9427220804168334,0.9874798220829044,1.0226014562004528,1.004210251116352,1.0169261635803974
2025-12-18,2025,0.9843117469334424,0.986594292190376,1.0004196722657444,0.9911129492824975,0.9354935017542635,0.9774262363629262,1.0144938479261836,0.9938572740415234,1.0080668843445362
2025-12-19,2025,0.9914361010384412,0.9934113977962241,1.007661141665967,0.9971988568018145,0.9422268648670683,0.9834356389021391,1.0220174044987038,1.000056858108805,1.0151700627427747
2025-12-22,2025,1.0090846081068605,1.0127433570392967,1.0256586130896421,1.0192836372419676,0.9589845002451223,1.005242795063118,1.0412675679376304,1.0227922745772409,1.0355810984772433
2025-12-23,2025,1.0087478366877856,1.013652795018407,1.025205817781911,1.0227510249061749,0.9587230924752528,1.0086665947458415,1.0411865186495755,1.0263186307843466,1.0367267941731595
2025-12-24,2025,1.0246852372860722,1.030567768408347,1.0415229440125893,1.0427587799335347,0.973976163286188,1.0284228354517246,1.058457038859766,1.046836077900945,1.0550802761684894
2025-12-25,2025,1.028337059478655,1.0339249463817233,1.0452644031247187,1.0453901299494759,0.9774101228976314,1.0310211071831243,1.062443380240298,1.0495551114582649,1.0586133121123382
2025-12-26,2025,1.0323720322480359,1.037257603980298,1.0491468174018923,1.0479821233736677,0.981169744887284,1.0335805170682602,1.0665741411564298,1.0522116920976956,1.062268576040231
2025-12-29,2025,1.0404329193902562,1.045739264388382,1.057606070116954,1.0589152773989092,0.9887817695317789,1.0443762321448289,1.0751951539438835,1.0633104364670323,1.0716274092093783
2025-12-30,2025,1.0396121262015916,1.0450701522155041,1.056852258907032,1.0588253341547291,0.988041714610244,1.0442874195629346,1.0742316530255704,1.0632551898408928,1.0709242922996773
2025-12-31,2025,1.0369903374075438,1.0417734365253848,1.0542136288246235,1.053464650320372,0.9829901939559009,1.0361952157897942,1.0743796395509602,1.060718485605831,1.0702154155578079
2026-01-05,2026,1.0462299957072727,1.0510550936140488,1.0636067478864732,1.0628510959300173,0.9904373290994933,1.0440454322564263,1.0879795543459445,1.0741454722078232,1.0837793094733175
2026-01-06,2026,1.0618423492081968,1.0667502902332853,1.0769762956693631,1.0787775657532124,1.0050394044368143,1.0595305450859358,1.1113853372582514,1.097262485650727,1.1071355998383874
2026-01-07,2026,1.0555680430625005,1.060563313350396,1.0718323656888766,1.072448982212878,0.9990530118573104,1.0533057059466,1.1095980214556571,1.0958939230496765,1.1055115137879898
2026-01-08,2026,1.06010210651037,1.0652896442658157,1.070401049302885,1.0769900814731777,1.0031378355872256,1.0575933031540397,1.1162330331591266,1.102950366658549,1.1122884742107046
2026-01-09,2026,1.077154757182405,1.0826110198971923,1.082255607764064,1.0946102574719105,1.0192816673892533,1.0749246317996746,1.1345839539503724,1.1213326096757652,1.1307088527265594
2026-01-12,2026,1.1112196710525366,1.117206548755867,1.1022926139795457,1.130106316943949,1.0513219291273708,1.1098388047556733,1.1717540334000418,1.1591930683555765,1.1681186570955517
2026-01-13,2026,1.1005001524188025,1.1069982761372124,1.0830603101112186,1.119098380377296,1.0411361611514185,1.0990113211731776,1.1602660735448331,1.1491941820235034,1.1572685410719799
2026-01-14,2026,1.1187407971509347,1.1261308940522847,1.0884639667034388,1.1384987430807263,1.0582624953562125,1.1180936539422626,1.1797832541535729,1.1710876786305513,1.1776443443924431
2026-01-15,2026,1.1161455136547809,1.1234832439971427,1.0905652674769573,1.1359970173677314,1.0557132131433666,1.1156329389916138,1.1773811844068338,1.167714395592095,1.174924512184394
2026-01-16,2026,1.1091435470933335,1.115886295561946,1.0918319473205353,1.1283915714633295,1.0490732151760602,1.1081521690790281,1.169546424922006,1.1585994538763293,1.1666985540740067
2026-01-19,2026,1.0967869076311532,1.1028674134965721,1.0847591542897967,1.1152684885717632,1.0373185475719893,1.0952442127422697,1.1556197637043133,1.143471372002212,1.1523997181184553
2026-01-20,2026,1.0822875142125092,1.088282333231249,1.0709902387578991,1.101010013084021,1.0235148878332894,1.0812194762877891,1.139901250207811,1.1280862223197992,1.1368243281183679
2026-01-21,2026,1.0881628564421095,1.0938466976128547,1.0849920089961316,1.1058746178690984,1.0291656353441379,1.086004335659646,1.1469246708219434,1.1332576656478637,1.1431619123615457
2026-01-22,2026,1.0838363024637792,1.0892156886280404,1.086717377189611,1.1005194778042457,1.0251290526571624,1.0807369823475088,1.1420395981591527,1.1278761695614306,1.1380438930569072
2026-01-23,2026,1.0887598431681875,1.0942484184067238,1.089028108042632,1.1054738167082376,1.029748335007956,1.0856101048278468,1.1478689166960767,1.133603846630722,1.1437924387827099
2026-01-26,2026,1.0623236902238702,1.0668578488189975,1.068362695625144,1.0778986631301397,1.0046522870669452,1.058486990441802,1.1189588558839891,1.1039737296944823,1.1145941226379705
2026-01-27,2026,1.0679717173027463,1.0730676316861143,1.0700754870500315,1.0840790347288207,1.0101066084246675,1.0645660472762282,1.1251980769173666,1.1107535920987905,1.1210456656428978
2026-01-28,2026,1.0681844148484654,1.0736987647015384,1.070790992382051,1.0852238452989704,1.0102889061404985,1.0656920909791792,1.125379704019678,1.1114788417593742,1.121449485735605
2026-01-29,2026,1.069172960872542,1.0757933587245039,1.066091192061252,1.088216622489419,1.0110341428043033,1.068635807605764,1.126420091603531,1.1150424657211127,1.123429201432855
2026-01-30,2026,1.0453206279927199,1.0513482599690485,1.0451412579274806,1.0622786688590304,0.9883992575050801,1.0431230545665304,1.1008837641564078,1.087760103047755,1.097269859113121
2026-02-02,2026,1.026257746737997,1.0323460493444916,1.021080455338547,1.0430261177806865,0.970216861694721,1.024186110348173,1.0803621661979728,1.0679377055905042,1.0769925641724352
2026-02-03,2026,1.0505401851283798,1.0572607560564733,1.0443374148166171,1.068727600201018,0.993138272215614,1.0494662686473186,1.1069869678079913,1.0953145113705722,1.1039171457170458
2026-02-04,2026,1.0395638728500245,1.0457952445331316,1.0348264365051334,1.0563561854067478,0.9831225029550346,1.0372976583209301,1.0947809426803632,1.0812412796138782,1.0910192330749744
2026-02-05,2026,1.020363591062601,1.0262085632411329,1.016000616327808,1.03584245805298,0.9649450753167004,1.0171202122760854,1.0740267843968376,1.0594739682187109,1.0698762098761243
2026-02-06,2026,1.0219106817275048,1.02752402786329,1.0178660051754682,1.0367193304239675,0.9664016844787818,1.0179827100878522,1.075762952779101,1.0604003461214613,1.0713443040157726
2026-02-09,2026,1.0391958021510592,1.0451773718254351,1.0346114718040798,1.0543327537142917,0.9826873801732716,1.0353073967221542,1.09459950652634,1.0795813341514269,1.0903239205013529
2026-02-10,2026,1.0426075039138587,1.0483401505678223,1.03841950227412,1.057152141157944,0.9859120195067547,1.0380805659781724,1.098214323577567,1.0825102615575652,1.093681420158323
2026-02-11,2026,1.0367659815100376,1.0423941850051068,1.0328283327037406,1.0513093312371653,0.9799455394225208,1.0323335371767417,1.0914383944529558,1.0758657414207173,1.0869402007856064
2026-02-12,2026,1.0503488586093574,1.0567928102333177,1.0444865649608235,1.0658697296936894,0.9928045009913605,1.0466552471800674,1.106120069825237,1.0919801830254074,1.1021757576819773
2026-02-13,2026,1.0436250871285024,1.0497913038465143,1.0376745422133111,1.0585317900679434,0.9863469938117807,1.0394375983186277,1.0987869212328114,1.0840057208868774,1.094588294738695
2026-02-24,2026,1.0524602292473226,1.0587966908560726,1.0462535956769143,1.0676522550899104,0.9946864541349936,1.0484085516568968,1.108500258047037,1.094157345361419,1.1044474283209138
2026-02-25,2026,1.0641193034750072,1.0708166350266366,1.0578546790131784,1.079978613201086,1.0056485957545793,1.0605328439139055,1.1216735999572567,1.1079565282551103,1.1178631874015512
2026-02-26,2026,1.0747804172366202,1.081526021235993,1.0686524831906874,1.090811959071242,1.0156761185204644,1.0711885988632888,1.1338197013744256,1.1206128383317273,1.1301481057420042
2026-02-27,2026,1.0845353912836047,1.09146171607271,1.0778432335702794,1.1010567658452028,1.024860745968179,1.0812654626314666,1.1442913569406292,1.1311939048130064,1.1406501034910324
2026-03-02,2026,1.071930132880424,1.0786713048675163,1.0663456107595484,1.088342184941091,1.0129816640102784,1.068759311713535,1.1309418512367335,1.1175085036663146,1.1271350964353903
2026-03-03,2026,1.0351512886009282,1.0398077832595076,1.0297507773992491,1.0484291483485433,0.9782431641943813,1.0295005690948205,1.090417953181742,1.0740082102106105,1.0854621014723882
2026-03-04,2026,1.0333096879058974,1.03788121241012,1.0270923774335785,1.046250130461881,0.9764104860096549,1.0273572718246244,1.0880797460266765,1.0717294115422353,1.0831531408424515
2026-03-05,2026,1.0436672513339527,1.0487562879017736,1.0371935677872963,1.0572702240105991,0.9860731153211085,1.0381967130999104,1.0997863226603959,1.0843002230767242,1.0952103609831474
2026-03-06,2026,1.051584832519967,1.0565638083322535,1.0447104166827683,1.064874795539341,0.993572224110141,1.0456766229704673,1.1086208959718205,1.0923517557611686,1.1037347306811158
2026-03-09,2026,1.055923505631193,1.06103695662982,1.0496737282422288,1.0703152767755162,0.9974247887102776,1.0510279184570357,1.1131323394493027,1.0978151742650566,1.1085144851024362
2026-03-10,2026,1.0676390425587026,1.0726606824860294,1.061240939694599,1.0815503719247177,1.008447626768809,1.0620788368139122,1.1258149159280746,1.1105715339139166,1.1212044037255566
2026-03-11,2026,1.0665538777805514,1.0710495448378528,1.0602007787334462,1.0798167378229182,1.007411655184577,1.0603736221570477,1.1242591920604155,1.1086588995662572,1.1195182383084612
2026-03-12,2026,1.056799569348888,1.06150182726645,1.0506883085130034,1.0700655635148042,0.9980923019092814,1.050782298743085,1.113915622220749,1.0981496196690033,1.1090950197575635
2026-03-13,2026,1.041596250867338,1.046387260794536,1.0357743693902943,1.0544919532922488,0.9837553209102109,1.0354639865431647,1.0978405084016234,1.0827184911440169,1.093204630276063
2026-03-16,2026,1.0458907436305442,1.0515092696553867,1.039820356960633,1.0597006196321206,0.98778578021312,1.0405872672724985,1.1030184529356633,1.088944547449451,1.0986803643281737
2026-03-17,2026,1.0298206498079336,1.034054803522298,1.02378224659269,1.0423867911537008,0.9725237341340124,1.0235572641956154,1.0852491854165571,1.0698178678014554,1.0805020771679614
2026-03-18,2026,1.0373243333831135,1.0412432967335281,1.0308930123983386,1.0499249944094728,0.9795770053338761,1.0309718937675771,1.093137797687361,1.0777847306615873,1.0884671403270247
2026-03-19,2026,1.0106521897437528,1.0143124199600977,1.0046373264920558,1.0232782697623488,0.9542838752628595,1.0047619885871601,1.0644060289900852,1.0496138700552855,1.0598399979441795
2026-03-20,2026,0.9900072311695604,0.9941257384113953,0.9846298171739087,1.003020481645376,0.9345322943588003,0.9848362861699917,1.0421017876148622,1.0285992029520206,1.0379109930148311
2026-03-23,2026,0.9494670459396658,0.952696281874412,0.9449154918909638,0.9609734627799673,0.8964673549551451,0.9434785436265565,0.9984039871405299,0.9833507940754111,0.993768810278731
2026-03-24,2026,0.9674308817210602,0.9713219303319567,0.9623550949413388,0.9804408363698045,0.9133929843257359,0.9626267887733179,1.0181665975771452,1.0046261547357174,1.0140435600433315
2026-03-25,2026,0.9835410007770364,0.9874509896260081,0.9779264100565742,0.9968157118053939,0.9285585098565243,0.9787332310543679,1.0354344556005635,1.0218163818890975,1.031299533238172
2026-03-26,2026,0.9658605088368655,0.9694505243040407,0.9607926765484666,0.9790451747971205,0.9118643521110872,0.9612540062655831,1.0161914863670676,1.0027480116951621,1.0121192382718314
2026-03-27,2026,0.9785260780865744,0.9819345810041105,0.9730819716259002,0.9924423481214073,0.9238380082347948,0.9744315598735861,1.0298209906276574,1.0173749177760814,1.0260523745196253
2026-03-30,2026,0.9784638586663297,0.9821500498486602,0.9730354280941876,0.9928105129474015,0.9237804393000587,0.9747936893776004,1.0299943164605332,1.0178322079711324,1.0263026206975705
2026-03-31,2026,0.9707770241629867,0.9742397294854885,0.9654211487751395,0.9848130096387361,0.9164636347793123,0.9669272890535061,1.0217813469989665,1.009120320927231,1.0179256954694518
2026-04-01,2026,0.9886732586312266,0.9929694120115852,0.9836633984560925,1.0033312853211604,0.9333265472385082,0.9851419948445063,1.0418959987667413,1.0291372695618366,1.0380247336155457
2026-04-02,2026,0.9719672084498567,0.9756115670643961,0.9677822815817545,0.9861284709475912,0.9174463924469378,0.9682211860194628,1.0238261593339566,1.0107516689252796,1.0198071184060482
2026-04-03,2026,0.9579841355982858,0.961618332345272,0.9542601890867733,0.9728244133637464,0.9042059947211295,0.9551352217065838,1.0087136079299779,0.996701463769002,1.004983241620943
2026-04-07,2026,0.9601956962460905,0.9642087068738177,0.9562932822385068,0.9751535815670186,0.9063076277558074,0.9574262078808865,1.0111334071977962,0.9992488173332809,1.0074610658513528
2026-04-08,2026,1.0130710408004242,1.0172730412662128,1.007646147067948,1.0293541587370112,0.9557880666602244,1.0107382755800849,1.068879389039814,1.0578421662796398,1.0655407011629743
2026-04-09,2026,1.0154089732003384,1.0202329368310201,1.0110782133315406,1.0338171933320333,0.9579899179279441,1.0151281476976346,1.0719498210319212,1.0633284508771133,1.0693884986866928
2026-04-10,2026,1.0288135323899192,1.033549612054546,1.0245407005879479,1.048257085967207,0.970719020413351,1.029331327330226,1.0868597446689567,1.07968746854409,1.0847228431868172
2026-04-13,2026,1.0309558845960738,1.0358173211979562,1.026181157662998,1.0511740453067722,0.9723502923128853,1.032200468987131,1.0891224681235352,1.082963194381856,1.0873053057082869
2026-04-14,2026,1.0483787294604083,1.0541044763971479,1.0439309525315181,1.0697585628464084,0.9889257134067031,1.0504803307332997,1.1085571236074256,1.1030100801303904,1.1069759690082632
2026-04-15,2026,1.0341947121791684,1.0399656543390188,1.0299489171724172,1.0545829937073299,0.9754045046657596,1.0355535345337137,1.0932588055680652,1.086258092625093,1.0911859295698232
2026-04-16,2026,1.0502909390058761,1.0559075928503827,1.0455006766248383,1.0709903895966748,0.9905992628602608,1.0516919641610754,1.1106877718406813,1.1041100554352992,1.1087479203213144
2026-04-17,2026,1.0538306308748673,1.0597648263185173,1.0486401248114776,1.0758885156269251,0.9939233257696489,1.0565097952646982,1.1149117623478901,1.10996138905592,1.113450529078152
2026-04-20,2026,1.060839209188451,1.0665440743930528,1.0553776041132963,1.0823105520163898,1.0005040314601825,1.0628265552816267,1.1222595215781468,1.1163673137433987,1.1205314799336636
2026-04-21,2026,1.053859910454148,1.0610468533584967,1.0490586476221213,1.0783783477240179,0.9939798597572611,1.058958811571361,1.1160130954044913,1.1131399200027374,1.1152202742576345
2026-04-22,2026,1.0694699574832378,1.0785027071796411,1.0647084489420227,1.0979239305294948,1.0088282313639252,1.0781839838509433,1.1343986204614245,1.1351255243939573,1.134723652445141
2026-04-23,2026,1.0601515667174657,1.069810700145237,1.0554229352993356,1.0899153237034156,1.0000623207390849,1.0703066620292747,1.1245783841245185,1.126527939767963,1.1253018794011704
2026-04-24,2026,1.057686548801882,1.06737714596815,1.0535548687490586,1.0877875147334053,0.9976955473085841,1.068213734208518,1.1217386387617283,1.1241040762919239,1.1224900009672096
2026-04-27,2026,1.0569208829419947,1.0658503723475714,1.0538848376148804,1.085360100416844,0.996927793040693,1.0658261124683908,1.1208081414831421,1.1215223537558312,1.1209831166914017
2026-04-28,2026,1.0365827033935582,1.047108755582727,1.034026615488711,1.0668487776011124,0.9779280790535687,1.0476182455658152,1.0996477784852072,1.1019630431301655,1.1004116154514383
2026-04-29,2026,1.044212506958259,1.054595307485313,1.0417160496973579,1.0747995913564752,0.9846829402989172,1.0554387217179455,1.1078297270151465,1.1105516433372165,1.1087321817203755
2026-04-30,2026,1.0521638273384277,1.06282520364021,1.0503023201365027,1.0836093125900117,0.9920339221616165,1.064104025287321,1.1164448588248104,1.1198343748857662,1.117564418004823
2026-05-06,2026,1.081310304966722,1.0927870783500024,1.079075626320463,1.114815021392509,1.0193073648377624,1.094798179245542,1.14794112616829,1.1532034012757972,1.1497093863133265
2026-05-07,2026,1.1059058124572236,1.1191263451224676,1.1032668140510098,1.1434714300184026,1.042241189223326,1.122984823677169,1.1749332456749344,1.184910631633562,1.1782807784300928
2026-05-08,2026,1.1061399931790823,1.1184679646718425,1.102727157091797,1.1403250474692026,1.0426129988828983,1.1198900197428043,1.1753566503297033,1.1814820228797402,1.1774512512184718
2026-05-11,2026,1.1066100910992986,1.1199742792198193,1.1036432687352455,1.1429552115923645,1.042943374821353,1.1224770676141624,1.1762984256964786,1.1848532282801507,1.1791613702439505
2026-05-12,2026,1.0999427800081134,1.114480035881068,1.0987790005462132,1.1390905975919574,1.0366459171300269,1.118675806188942,1.1692045026338769,1.180596720966328,1.173049353796099
2026-05-13,2026,1.1103527766209345,1.1247565534557644,1.1085420333550098,1.1492339164054004,1.0463933797660316,1.1286528456876324,1.1804641479788978,1.1914499077344851,1.1841691548817252
2026-05-14,2026,1.07347070789177,1.0867889492877936,1.071565774961666,1.1096244777904285,1.0123143867706823,1.0896927241681567,1.1396974659616779,1.1484794434497931,1.1426180351885156
2026-05-15,2026,1.062654253418853,1.0738277263443199,1.059420126576975,1.092262337423145,1.0022075367865801,1.0726152011786774,1.1282724824819665,1.1296874553256175,1.128806681123129
2026-05-18,2026,1.0646890225713346,1.0767898283805777,1.0610341065584326,1.096129627223764,1.0041421863846602,1.0764190945397458,1.1309147499517125,1.1343578290246799,1.1321108770239088
2026-05-19,2026,1.0731552190242863,1.0864493337264,1.0691326884953214,1.107168870697892,1.0120833672690757,1.0872773718159232,1.1404549268168005,1.146811224628954,1.1426318870844139
2026-05-20,2026,1.0599995843194643,1.073163250537166,1.056312965830545,1.0947812114787139,0.9994902325299069,1.0750927833593078,1.1257951498625343,1.1336918316535367,1.1284483540976056
2026-05-21,2026,1.0446685438511636,1.0568218713736424,1.041330176015737,1.0740633858835928,0.9848736485640162,1.0547145848533555,1.1089480413141233,1.110706842211344,1.1096641335705253
2026-05-22,2026,1.066385564885935,1.0795875597851754,1.0634082145091002,1.1001041509078637,1.0053181833245894,1.0803284639004127,1.1329470595660622,1.1394615085381208,1.1352315434055638
2026-05-25,2026,1.0743947968635275,1.0874233787148857,1.071081624670589,1.1082898662109555,1.0129153276169383,1.0883799908617597,1.1415952044489983,1.1486325674108175,1.1440146423336728
2026-05-26,2026,1.0830720713112123,1.0957446558922626,1.0801236676756991,1.1152478000680377,1.020928032187472,1.0952238633849603,1.1518236455577646,1.1562319984180014,1.1534159300450044
2026-05-27,2026,1.0561025883204698,1.0682616427687124,1.0530426340961117,1.0874194937870627,0.9952198354353131,1.0678517462255377,1.1224092331172975,1.1266676947011434,1.1239031317724653
2026-05-28,2026,1.0484240386471004,1.061720084805796,1.0454771888029215,1.0822720688148526,0.9881753268349491,1.0627887029347929,1.1138030139581132,1.1210573912676394,1.1162940380383812
2026-05-29,2026,1.016848169449441,1.0300739244983976,1.0143236976677914,1.052141360410086,0.9583568332677478,1.033151926904499,1.0795935553894545,1.0891292631734417,1.0828622004738722
2026-06-01,2026,1.0101436273619495,1.0200165721256125,1.005894036817529,1.0385770654536723,0.951838000763984,1.0198099912874636,1.0712965472686298,1.072447960761962,1.071867143123486
2026-06-02,2026,1.0145891258896795,1.0274047850417647,1.012292660232634,1.0492176167581728,0.9560080491765297,1.030276112150405,1.0776481011086563,1.0853739883833249,1.0803569448476629
2026-06-03,2026,1.0132406253989352,1.0271666858580724,1.0109469881618485,1.051402913294151,0.9547699749236662,1.032425585144087,1.0764382193550721,1.08844102926155,1.0805001108467807
2026-06-04,2026,1.006556530001093,1.0219369150312905,1.006150927594601,1.0502388664594864,0.9487035412312828,1.031280620516496,1.0701716561799686,1.0890688600459253,1.0765222403878765
2026-06-05,2026,0.9936260811128135,1.0073837833471018,0.9921251002013589,1.030279514343303,0.9364270167489367,1.011648461842008,1.0561732704738216,1.0665041722068849,1.059735395318067
2026-06-08,2026,0.9681010613924588,0.9821157116515437,0.9674382633910841,1.0034074957460613,0.9125645371450543,0.9852169559527424,1.0287971086773617,1.0378063755625546,1.031956548526802
2026-06-09,2026,0.990514206068425,1.0054358626221145,0.9889082026820105,1.028784116732854,0.9334897668412485,1.0101775782682885,1.053471751563634,1.0655997397361445,1.0575479204834057
2026-06-10,2026,0.9718710384434336,0.9852943558470595,0.9693415549613016,1.0075296878487994,0.9159947906465491,0.9892715730052696,1.0331622716671045,1.0414221305547695,1.0359139312496528
2026-06-11,2026,0.9570533475690058,0.9706805433971726,0.9547648798627255,0.9932460345559144,0.9017070484427259,0.9752220714851318,1.0168065933234267,1.0261386103002827,1.0198838155070349
2026-06-12,2026,0.9766786472256984,0.9899113912411471,0.9739778178266916,1.013207546274631,0.9202885872896199,0.994856354359812,1.0382611825532302,1.0473160450990633,1.041190118585441
2026-06-15,2026,1.0035235917368062,1.0177161704939064,0.9991939914204544,1.0455254187777643,0.9456328900568198,1.0266444403312467,1.0683437558901494,1.0833148781682203,1.07320029132488
2026-06-16,2026,1.005105861184142,1.021141252787896,1.0005942401308041,1.0521838104961747,0.9470527216827638,1.0331936811067894,1.0710970432507116,1.091621057459584,1.0777619057464645
2026-06-17,2026,1.0046823092285238,1.0228520249667432,1.0006902684502539,1.05767818698386,0.9466816748474546,1.0385979883405976,1.0715470781514969,1.0982140691694913,1.0802507207764194
2026-06-18,2026,1.0100941046354415,1.029992353330921,1.006462218616332,1.0686198308585357,0.9516584134173117,1.049360265966493,1.079315507721188,1.1109929871481892,1.0896417983931832
2026-06-22,2026,1.0134947906759506,1.0335142566690536,1.009405983669189,1.0728155382638922,0.9547357238162202,1.053487193186084,1.0823014879345816,1.1152471749908506,1.0930579956510413
2026-06-23,2026,0.9811014195608475,0.9989224779184204,0.9772958805072731,1.0345437890618967,0.9241980757376336,1.015842832351618,1.0456308863083588,1.073486818760542,1.0547226924457132
2026-06-24,2026,0.9949054275756507,1.014244469953561,0.9919091157344966,1.0531798842308127,0.9372043239960614,1.034173426215552,1.0607758137699932,1.0938293113179836,1.0716326689464217
2026-06-25,2026,0.9929560613556381,1.0154041694761615,0.9913908010617485,1.0623862066217808,0.9351326916486647,1.0432288294639085,1.0605557921451836,1.1051886961778552,1.0751892826432639
2026-06-26,2026,0.9467221944385107,0.968714345723728,0.9462254588221382,1.0123832827220722,0.8915538411828333,0.9940456029506861,1.0092762974082474,1.051006707559361,1.0229847923460789
2026-06-29,2026,0.9428677343306596,0.964626099027297,0.9431562845159961,1.0064454292205414,0.8878656554283962,0.9882050886168869,1.0042940898211774,1.0438282755143433,1.0173343302397948
2026-06-30,2026,0.9700513881387663,0.9930915902269825,0.9704931824621377,1.038273704027438,0.9136410501965788,1.0195116028617832,1.0360385266873327,1.0789545599383021,1.050161238528525
2026-07-01,2026,0.9676488173395438,0.9880103824436086,0.9670350244112315,1.0278172772745207,0.9113247367943703,1.0092265881986575,1.0313705034012546,1.06651022905246,1.04296774599782
2026-07-02,2026,0.9466577301872113,0.9620423222791153,0.944114944221504,0.9928441681895478,0.8915020867845095,0.9748267929097293,1.004368059876534,1.0268115141643714,1.0118489029798858
2026-07-03,2026,0.9698964933579357,0.9848652604204685,0.966336302160183,1.0149942843232447,0.9128274982356641,0.9966138024310689,1.0301101342310521,1.0513328691778294,1.0372313465447138
2026-07-06,2026,0.9580872299357321,0.9732052434687953,0.9563368434216466,1.0014803344424696,0.901654862706468,0.983321386583396,1.0178246868353327,1.0358465050619814,1.0239143581625185
2026-07-07,2026,0.9428196432902477,0.9583649753079659,0.9397522814192029,0.990797950056705,0.8871195318926334,0.9728141184084356,1.0012207737513135,1.025281969587527,1.0092519732691558
2026-07-08,2026,0.9234064910807467,0.9400330846270241,0.9212674888086658,0.9763906726871051,0.8686808417901789,0.9586430193797247,0.9797259799617474,1.0094486381215504,0.9895866423653104
2026-07-09,2026,0.9469980861153289,0.9667869916581323,0.945086149069195,1.0100998559539167,0.8907800243558314,0.9917996083726531,1.007809796192412,1.0472295917469716,1.0208262913920272
2026-07-10,2026,0.9540333919464556,0.9707839208195193,0.950301807744987,1.0061166850417624,0.8977528873982091,0.9878817335378477,1.013907635940013,1.041325165182717,1.023037324392451
2026-07-13,2026,0.914710444750357,0.9312286046912156,0.9128234274002339,0.9681717521782358,0.8607329486256,0.9505588315451762,0.9706056743447286,1.0003325446336142,0.9804377134279799
2026-07-14,2026,0.925315764380815,0.9444310534330945,0.9231084936950915,0.98759313150144,0.8707238862599506,0.9696618364088162,0.9849050762464041,1.0236008834486126,0.9976602059765678
2026-07-15,2026,0.9200575600790952,0.9391628382319843,0.9171726445363708,0.9824947457708013,0.865579712067393,0.9646470284598906,0.9794900366834919,1.0187522820830779,0.9924398759429855
2026-07-16,2026,0.9237910276607009,0.9425778991304061,0.9204017008814609,0.9862645058140939,0.8690289765514273,0.9683549908678815,0.9833255232850646,1.022941615617992,0.9963221790808635
2026-07-17,2026,0.874219472398507,0.8903904757237611,0.8722589270939267,0.9272500692512298,0.8221767852753997,0.9103079773203709,0.9273508162790047,0.9580429847038541,0.9374376664341916
2026-07-20,2026,0.8618453686053676,0.8769211555985871,0.8617515798554317,0.9083163176453659,0.8102949178624206,0.8916846064982158,0.9126243384212337,0.9354848278463125,0.9202076036955709
2026-07-21,2026,0.885590099023828,0.9023733513999159,0.8845120521017553,0.9358929355393275,0.8325483919293749,0.9188091611956102,0.9398840510197818,0.9662295120721759,0.9486301321845996
2026-07-22,2026,0.8774421017497362,0.8923970860281,0.8772190022175466,0.9236741256343031,0.8249354451063279,0.9067906541081814,0.9297049948849719,0.9515461496071905,0.9370146524223485
2026-07-23,2026,0.8852438209780488,0.8989518482016488,0.8852204836603256,0.927350000907959,0.8321787282517039,0.910406270798541,0.9373228689084806,0.9549773514414823,0.9432947424599324
2026-07-24,2026,0.8618349274387215,0.8746731092440859,0.8622344096974334,0.9023528754874787,0.8101225668131771,0.8858189229826249,0.9110032380457095,0.9277652885415769,0.9166646007963637
2026-07-27,2026,0.8847282674841666,0.8971022328028563,0.8827494069143607,0.9261822353430791,0.8313881435833994,0.909257648401838,0.9357183732463795,0.9542886568256093,0.9419463398801132
2026-07-28,2026,0.8778749482235645,0.8884441100016149,0.8795814949597425,0.910669705000949,0.8246706405500875,0.8939994148005292,0.9284451951449902,0.9362794643697343,0.9311602404943561
2026-07-29,2026,0.8854060307395321,0.8953238240279695,0.8891400499322956,0.9135212968589616,0.8315809231849864,0.8968042605442943,0.9362855414247886,0.9382874909680184,0.9371025690931022
2026-07-30,2026,0.8717628701528598,0.8793984276072931,0.8793095078435058,0.8948013037652941,0.8189175277196957,0.8783911440933747,0.9208542039057972,0.9166812395422305,0.9196717084292756
2026-07-31,2026,0.8985130392154792,0.9069671395589798,0.9033360906580479,0.9220163831259126,0.8437660451213521,0.9051600869546624,0.9508637105744011,0.9467219767737951,0.9497406033342821
2026-08-03,2026,0.906578754672026,0.9130450342611519,0.9124961528789051,0.9247537583465376,0.851341181059559,0.9078525884131314,0.9591343747503652,0.9491351435223135,0.9561457335357173
2026-08-04,2026,0.9309102084307633,0.9413672857897846,0.9336521119821576,0.9565325413841625,0.8741935996902086,0.9391104222067899,0.9887771131170133,0.9850373273035962,0.9879056312169487
2026-08-05,2026,0.9543797983758483,0.9670003209868014,0.9564905960370143,0.9836632066223508,0.8963643333453466,0.9657963347454361,1.0155383116929346,1.0147099028631272,1.0156655203428218
2026-08-06,2026,0.9400429981878938,0.9526771365203847,0.9414005821540186,0.9706055438855692,0.8828166419776488,0.9529527261315782,0.9994374046289634,1.0006514258605694,1.0002442849139048
2026-08-07,2026,0.9516841385488753,0.9674281442986713,0.9520808204276409,0.9885192994130534,0.8937758128819262,0.9705728216599494,1.013696473860362,1.0210684608738931,1.0166006209626341
2026-08-10,2026,0.9462799460536058,0.9616673032056378,0.9478882128258054,0.9825659073079306,0.8885970499410675,0.9647170234467174,1.0074760587132225,1.0142616814201115,1.0102112216289028
2026-08-11,2026,0.9434829026803206,0.9586317620890685,0.9442206036111244,0.9791937669622551,0.8859682932584669,0.9614001625609745,1.0047772065109366,1.0111242851891606,1.007316653844248
2026-08-12,2026,0.9519818496001818,0.9679348975467276,0.9517497973481899,0.9892233614428023,0.8939579327839139,0.9712653420085186,1.0143652314326181,1.0224159792878265,1.017464163013502
2026-08-13,2026,0.9406078222168991,0.957423139437824,0.9391702263418039,0.9805849197062356,0.8830998167749519,0.9627685101531857,1.002205236784306,1.0134016568925053,1.0063393940925498
2026-08-14,2026,0.9364475916768694,0.9535845314829418,0.9352719228132456,0.9775765407680861,0.8792283296828398,0.9598094475381794,0.997658344560347,1.0102479913232219,1.002208726497298
2026-08-17,2026,0.9532912133517589,0.9726369185096413,0.9522763043090967,0.9986661972461842,0.895117782842096,0.9805533815074966,1.0165968245687567,1.0337266762182895,1.0226471312233658
2026-08-18,2026,0.9550425338712654,0.9729855688256429,0.9538947752406133,0.9975603227295105,0.8967313730531528,0.9794656355797213,1.0186450973818126,1.031855865409908,1.0233964957570756
2026-08-19,2026,0.906830036320779,0.9236765460482672,0.9069871181406101,0.9488969243159457,0.851333947589165,0.9315999757259488,0.9656764343204872,0.9784501779967966,0.9702600382310373
2026-08-20,2026,0.9028411419376825,0.920964564782464,0.9036742307277562,0.9489575933451576,0.847493092058852,0.9316596502084261,0.9617382208373237,0.9786837767852662,0.9677026256566248
2026-08-21,2026,0.9101545450324451,0.9289767415047044,0.9112557789379241,0.9580569697249136,0.8541908040325615,0.9406098606103663,0.9694984778997031,0.9887845627472392,0.976234052040946
2026-08-24,2026,0.8926042897156667,0.9108371332648882,0.8946524624750231,0.9387186560893872,0.8374042020634871,0.921588559739491,0.950031913826923,0.9672953005908372,0.956061094450942
2026-08-25,2026,0.8947478033738132,0.9133582634081346,0.8961447018666242,0.9396093183126469,0.8396270491052625,0.9224646213466328,0.952713779911746,0.9682437113185509,0.9582004171389434
2026-08-26,2026,0.9032743100601736,0.9224900512504567,0.9049171824468442,0.9491974900354169,0.8476376589571152,0.9318956142748567,0.9621764251664799,0.978672143405728,0.967983252542275
2026-08-27,2026,0.9136061019861081,0.9335316436956932,0.9147900406706948,0.9608140236652067,0.8571355418429263,0.9433217181954664,0.9734505000016277,0.9915943446689872,0.9797983931869849
2026-08-28,2026,0.9099163058746613,0.9296796297312481,0.9112488527543825,0.955892637135477,0.8535764220871763,0.9384810079014785,0.9692841394717004,0.9859793100952222,0.9751601884172002
2026-08-31,2026,0.9140333926911338,0.9339338905651455,0.9151621569973972,0.9607747399683962,0.8574463439848191,0.9432830784758697,0.973810089808081,0.9913309972935648,0.9799584820754146
2026-09-01,2026,0.9153708918725194,0.9347061166667777,0.9154900806887796,0.9590591727853496,0.8587922998053812,0.9415956345669559,0.9754160871306918,0.9885890471764212,0.9801450329393508
2026-09-02,2026,0.9030778083325067,0.9220369745783024,0.9039029024302793,0.945937617417526,0.8472481987578283,0.9286891807132601,0.9620408701229108,0.9740818447402609,0.9663908309038329
2026-09-03,2026,0.9003244126167124,0.9187212866144694,0.9011568024328267,0.9420101537160809,0.8445007350515226,0.924826099881466,0.9586981461702384,0.9695353330309121,0.9626780523307519
2026-09-04,2026,0.8922239211991526,0.9099064480428662,0.8926150208225427,0.9331122299854285,0.8367349397997964,0.9160740397175483,0.9496492982884314,0.959782043922655,0.9533791791801484
2026-09-07,2026,0.9014459927102518,0.9214805231906544,0.9016806676708026,0.9469308629123694,0.8454827578570713,0.9296661439455322,0.9603679265284614,0.9757336816623696,0.96582448238485
2026-09-08,2026,0.9019537102444426,0.922385735873954,0.9024576615195117,0.948227475602153,0.8459880290106144,0.9309415012776248,0.9611272001645698,0.9770055539443694,0.9667887173267972
2026-09-09,2026,0.9005410255169491,0.9221585701121247,0.9018247327410379,0.9503631328838079,0.8446959033932255,0.9330421487527388,0.9597109963572654,0.979874882627453,0.9667659994597304
2026-09-10,2026,0.8899194717895147,0.9120611939437002,0.8918680223672304,0.9412932544841012,0.8349304957346267,0.9241209527707823,0.9481781123135897,0.9700998373153877,0.9558210307989983
2026-09-11,2026,0.8760358614663963,0.8984053998164494,0.8780353366362258,0.9285149916418776,0.8219372051271129,0.9115521638520561,0.9332608541705228,0.956597504730263,0.9413320155899382
2026-09-14,2026,0.8757342384276319,0.897911706679072,0.8780721181497352,0.9264972802624726,0.8215502730739365,0.9095675287933016,0.9324949218120231,0.9539937742770559,0.9400046326130942
2026-09-15,2026,0.8614125022426212,0.8837315415144765,0.8639105291253728,0.9126707568853012,0.8080730592406775,0.8959676634631517,0.9168365649205407,0.939300106301474,0.9246627021042658
2026-09-16,2026,0.8682189718694856,0.8917596877703812,0.8696478337889799,0.9224046016999174,0.8144599397268866,0.9055419414658147,0.9241770339271658,0.9503452670605284,0.9332172904045192
2026-09-17,2026,0.8674737896154397,0.8905668488774163,0.8685510720980959,0.9205265481292053,0.8134893405489774,0.9036946748068176,0.9235362042244014,0.9484261133384037,0.9321337110556259
2026-09-18,2026,0.8790890741083652,0.9022250280824083,0.8799960791066129,0.9317000682695956,0.8243702451380175,0.9146850275533314,0.9363356597473683,0.9603466210445866,0.9446328887200283
2026-09-21,2026,0.8897310935527568,0.9124840979113622,0.890553754503748,0.9433958751143222,0.833586400627881,0.9261891051639294,0.9479250707663607,0.9729371282156115,0.9565815467268982
2026-09-22,2026,0.899355683881729,0.9222450897307815,0.899865583629839,0.9531018149188105,0.8426346658182602,0.9357359356029914,0.9585578570635906,0.9831132321499702,0.9670685519591208
2026-09-23,2026,0.8870685102419418,0.9098165259363287,0.8881681662521729,0.9404483454990639,0.8310554075233757,0.9232898943695278,0.9448109777111573,0.9696070373688606,0.9534204369649227
2026-09-24,2026,0.8697625847149503,0.892174129032069,0.8716639037018364,0.9202598121482033,0.8160690051532251,0.9034323114258449,0.9260727237567844,0.9474772660785619,0.9335553778004184
2026-09-28,2026,0.8487430355294087,0.8688953840749509,0.8528592732184506,0.8938965537691874,0.796277264474774,0.8775012256540927,0.9034548359798537,0.9179972843038849,0.9087132817601639
2026-09-29,2026,0.8539361101670836,0.8746391019955345,0.8576159483645251,0.9003870337569833,0.8009370786017855,0.883885307274191,0.9091241566756987,0.9252165760106854,0.9148947639240145
2026-09-30,2026,0.8512376918877417,0.8708309534991935,0.855620376280107,0.8965807092340891,0.7962674211736951,0.877827254359383,0.9089386905592843,0.9233976687869574,0.9141840310910827
